"tweet_id","in_reply_to_status_id","in_reply_to_user_id","timestamp","source","text","retweeted_status_id","retweeted_status_user_id","retweeted_status_timestamp","expanded_urls"
"994921857940770817","","","2018-05-11 12:47:10 +0000","<a href=""http://twitter.com/download/iphone"" rel=""nofollow"">Twitter for iPhone</a>","éŠ€è²¨ã§å¼•ã‘ã‚‹ã‚„ã¤ã¨ã‚Šã‚ãˆãšå¼•ã‘ã‚‹ã ã‘å¼•ã„ã¦ã¿ãŸã‘ã©ç‰¹ã«è‰¯ã„åç©«ã¯ã‚ã‚Šã¾ã›ã‚“ã§ã—ãŸ
ä½•ãŒã„ã‘ãªã‹ã£ãŸã‚“ã§ã—ã‚‡ã†ã‹ã­... https://t.co/0DE4zzo1Ne","","","","https://twitter.com/uadslg/status/994921857940770817/photo/1"
"994842928655814662","","","2018-05-11 07:33:32 +0000","<a href=""http://twitter.com/download/iphone"" rel=""nofollow"">Twitter for iPhone</a>","RT @gamewith_review: ã€å…ˆè¡Œãƒ—ãƒ¬ã‚¤ã€‘
ä¸–ç•Œå„å›½ã§å¤§ãƒ’ãƒƒãƒˆä¸­ã® #PUBG ã‚¹ãƒãƒ›ç‰ˆãŒã¤ã„ã«æ—¥æœ¬ã«ä¸Šé™¸ï¼ï¼
å…¬å¼ã•ã‚“ã‹ã‚‰æä¾›é ‚ã„ãŸæœ¬å®¶ã‚¢ãƒ—ãƒªã‚’å…ˆè¡Œãƒ—ãƒ¬ã‚¤ã—ã¾ã—ãŸ(*ï¾Ÿâˆ€ï¾Ÿ*)
æ°—ã«ãªã‚‹æ“ä½œæ„Ÿã¯ï¼ï¼Ÿãƒãƒƒãƒ—ã¯ï¼ï¼Ÿæ­¦å™¨ã¯ï¼ï¼Ÿ
ãƒªãƒªãƒ¼ã‚¹å‰ã«ä¸€è¶³æ—©ããŠå±Šã‘ã—ã¾ã™ï¼
â–¼å‹•â€¦","994832365141839872","3444137113","2018-05-11 06:51:33 +0000","https://youtu.be/gu7TapLYaoY,https://twitter.com/gamewith_review/status/994832365141839872/photo/1"
"994816039572725761","","","2018-05-11 05:46:41 +0000","<a href=""http://twitter.com/download/iphone"" rel=""nofollow"">Twitter for iPhone</a>","RT @PUBGMOBILE_JP: ã€é‡è¦ãªãŠçŸ¥ã‚‰ã›ã€‘
ã€PUBG MOBILEã€ã®ãƒªãƒªãƒ¼ã‚¹äºˆå®šæ—¥ãŒ2018å¹´5æœˆ16æ—¥(æ°´)ã«æ±ºå®šã—ã¾ã—ãŸï¼
äº‹å‰ç™»éŒ²ã‚­ãƒ£ãƒ³ãƒšãƒ¼ãƒ³ã®çµ‚äº†ã¾ã§æ®‹ã‚Šã‚ãšã‹ã§ã™ï¼
çš†æ§˜ã®æ›´ãªã‚‹ã‚­ãƒ£ãƒ³ãƒšãƒ¼ãƒ³ã¸ã®ã”å¿œå‹ŸãŠå¾…ã¡ã—ã¦ãŠã‚Šã¾ã™ï¼

https://t.co/â€¦","994803356945342465","975645273795022848","2018-05-11 04:56:17 +0000","http://pubgmobile.jp,https://twitter.com/PUBGMOBILE_JP/status/994803356945342465/photo/1"
"994725730448691201","","","2018-05-10 23:47:49 +0000","<a href=""http://twitter.com/download/iphone"" rel=""nofollow"">Twitter for iPhone</a>","RT @PUBGMOBILE_JP: ã‚¹ãƒãƒ›ç‰ˆPUBG
ã¤ã„ã«ã€æ—¥æœ¬ä¸Šé™¸ï¼
å…¨ä¸–ç•Œ100ãƒµå›½ä»¥ä¸Š
DLãƒ©ãƒ³ã‚­ãƒ³ã‚°1ä½ã‚’è¨˜éŒ²ï¼
çœŸã®ã‚¹ãƒãƒ›ã‚µãƒã‚²ãƒ¼ãŒç›®ã‚’è¦šã¾ã™ã€‚
ãƒ‰ãƒ³å‹ã›ã‚ˆï¼
äº‹å‰ç™»éŒ²å—ä»˜ä¸­ï¼","993671795046731777","975645273795022848","2018-05-08 01:59:52 +0000",""
"994714949472546816","","","2018-05-10 23:04:59 +0000","<a href=""http://twitter.com/download/iphone"" rel=""nofollow"">Twitter for iPhone</a>","ã„ã¤ã‚‚è‡ªåˆ†ãŒä¹—ã£ã¦ã‚‹é›»è»ŠãŒ3å·è»Šã ã¨ã„ã†ã“ã¨ã‚’åˆã‚ã¦çŸ¥ã£ãŸ()","","","",""
"994714695587131396","","","2018-05-10 23:03:58 +0000","<a href=""http://twitter.com/download/iphone"" rel=""nofollow"">Twitter for iPhone</a>","RT @ayabn362: ãŠå®¢æ§˜ãƒˆãƒ©ãƒ–ãƒ«ãŒå¤šç™ºã™ã‚‹ç†ç”±ãŒåˆ†ã‹ã‚Šã‚„ã™ã™ãã‚‹ https://t.co/q9XYhh1BAE","994019231002853377","3116928836","2018-05-09 01:00:27 +0000","https://twitter.com/ayabn362/status/994019231002853377/photo/1,https://twitter.com/ayabn362/status/994019231002853377/photo/1,https://twitter.com/ayabn362/status/994019231002853377/photo/1,https://twitter.com/ayabn362/status/994019231002853377/photo/1,https://twitter.com/ayabn362/status/994019231002853377/photo/1,https://twitter.com/ayabn362/status/994019231002853377/photo/1,https://twitter.com/ayabn362/status/994019231002853377/photo/1,https://twitter.com/ayabn362/status/994019231002853377/photo/1"
"994712462770368513","","","2018-05-10 22:55:06 +0000","<a href=""http://twitter.com/download/iphone"" rel=""nofollow"">Twitter for iPhone</a>","ã‚­  ãƒ«  ãƒ¬  0  .  0  0 https://t.co/FCZNxrTECs","","","","https://twitter.com/uadslg/status/994712462770368513/photo/1"
"994710149515243529","","","2018-05-10 22:45:55 +0000","<a href=""http://twitter.com/download/iphone"" rel=""nofollow"">Twitter for iPhone</a>","RT @Otankonas1: ã¤ã„ã«åšé«˜è»½éŸ³ã€åœ°ä¸Šæ³¢ã«ä¹—ã‚Šè¾¼ã‚€ https://t.co/i7Zk3izXjU","994609849030688768","959645902326587397","2018-05-10 16:07:21 +0000","https://twitter.com/Otankonas1/status/994609849030688768/photo/1,https://twitter.com/Otankonas1/status/994609849030688768/photo/1,https://twitter.com/Otankonas1/status/994609849030688768/photo/1,https://twitter.com/Otankonas1/status/994609849030688768/photo/1,https://twitter.com/Otankonas1/status/994609849030688768/photo/1,https://twitter.com/Otankonas1/status/994609849030688768/photo/1"
"994698198303162369","","","2018-05-10 21:58:25 +0000","<a href=""http://twitter.com/download/iphone"" rel=""nofollow"">Twitter for iPhone</a>","è¦³æˆ¦ç”¨ç’°å¢ƒæ•´ãˆã¦ã‚‹ https://t.co/trzFzXqdOr","","","","https://twitter.com/uadslg/status/994698198303162369/photo/1"
"994586849942290434","","","2018-05-10 14:35:58 +0000","<a href=""http://twitter.com/download/iphone"" rel=""nofollow"">Twitter for iPhone</a>","ã‚ãšã‹5æ™‚é–“ã§å¾©æ´» https://t.co/JYi3yl5oTX","","","","https://twitter.com/uadslg/status/994489294516506629"
"994579940480724994","","","2018-05-10 14:08:30 +0000","<a href=""http://twitter.com/download/iphone"" rel=""nofollow"">Twitter for iPhone</a>","åŒã˜ãƒãƒ¼ãƒ ã®äººã‚’åˆ¥ç«¯æœ«ã§è¦³æˆ¦ã—ãªãŒã‚‰ã‚„ã‚‹ã£ã¦ã‚ã£ã¡ã‚ƒå¼·ããªã„ã§ã™ã‹ï¼Ÿï¼Ÿ https://t.co/nm0oRdqJMU","","","","https://twitter.com/uadslg/status/994579940480724994/photo/1"
"994553616408064001","","","2018-05-10 12:23:54 +0000","<a href=""http://twitter.com/download/iphone"" rel=""nofollow"">Twitter for iPhone</a>","ã‚„ã‚Šã¾ã—ãŸã­ï¼(SCãƒœã‚¤ã‚¹)

ã¯ã‚‹ã‚‚ã¨ã®è³ªå•ç®±ã§ã™ https://t.co/BN7SvN9l1h #è³ªå•ç®± #peing https://t.co/7yA3HeZZyJ","","","","https://peing.net/ja/uadslg?v=1,https://twitter.com/uadslg/status/994553616408064001/photo/1"
"994538506922872833","","","2018-05-10 11:23:52 +0000","<a href=""http://twitter.com/download/iphone"" rel=""nofollow"">Twitter for iPhone</a>","ãã‚“ãªã“ã¨ãªã„ãæµã•ã‚Œã¾ãã‚‹ã

ã‚ãªãŸã®æµã•ã‚Œã‚„ã™ã•â€¦å¤šå°‘ã®ã“ã¨ã«ã¯å‹•ã˜ãªã„ã€Œä¸‰è„šã€ã‚¿ã‚¤ãƒ— / ã€è‡ªåˆ†ã®æ„æ€ã‚ã‚‹ï¼Ÿã€‘ã‚ãªãŸã®ã€œæµã•ã‚Œã‚„ã™ã•ã€œè¨ºæ–­ - LINE NEWS  https://t.co/XXCkE6NZMo #linenews #ã•ãã£ã¨è¨ºæ–­ @news_line_meã‚ˆã‚Š","","","","http://news.line.me/issue/check/d2150d8d4603?result=216"
"994515386879041537","","","2018-05-10 09:52:00 +0000","<a href=""http://twitter.com/download/iphone"" rel=""nofollow"">Twitter for iPhone</a>","ä»Šæ—¥é›·ãŒé³´ã£ãŸã¨ããŠã¸ãå–ã‚‰ã‚Œã¡ã‚ƒã†ã¿ãŸã„ãªã“ã¨ã‚’éˆ´æœ¨å›ã«è¨€ã£ãŸã‚‰ãŠã¸ãã®å®šç¾©ã‚’æ±‚ã‚ã‚‰ã‚ŒãŸ","","","",""
"994508759471882240","","","2018-05-10 09:25:39 +0000","<a href=""http://twitter.com/download/iphone"" rel=""nofollow"">Twitter for iPhone</a>","ã‚¯ãƒ©Tã®ãƒ‡ã‚¶ã‚¤ãƒ³æ±ºã¾ã£ã¦ã‹ã‚‰ã§ã„ã„ã‹ãª...","","","",""
"994506274808070144","","","2018-05-10 09:15:47 +0000","<a href=""http://twitter.com/download/iphone"" rel=""nofollow"">Twitter for iPhone</a>","ä»Šæ—¥ç‰©ç†å®Ÿé¨“å®¤ã§ã“ã‚Œã‚‰ã‚’è£…å‚™ã—ã¦ã‚¿ãƒ³ãƒãƒªãƒ³é³´ã‚‰ã—ã¦ã‚‹äººã‚’è¦‹ãŸå ´åˆãã‚Œã¯ç§ã§ã™ https://t.co/zG2C56uMX6","","","","https://twitter.com/uadslg/status/994506274808070144/photo/1"
"994500093419044864","","","2018-05-10 08:51:13 +0000","<a href=""http://twitter.com/download/iphone"" rel=""nofollow"">Twitter for iPhone</a>","ã—ã‚…ã‚“ã½ã‚“ã«æ¥ãŸã‚„ã¤ã¯åŸºæœ¬ã“ã£ã¡ã§è¿”ã™","","","",""
"994499827416285184","","","2018-05-10 08:50:10 +0000","<a href=""http://twitter.com/download/iphone"" rel=""nofollow"">Twitter for iPhone</a>","1ç•ªè¿·æƒ‘ã‹ã‘ãªã„ã®ãŒç¶±å¼•ãã ã¨æ€ã£ã¦é¸ã‚“ã ã‚“ã§ã™ãŒé¨é¦¬æˆ¦é¸ã‚“ã æ–¹ãŒè‰¯ã‹ã£ãŸã§ã™ã‹ã­ï¼Ÿï¼Ÿ https://t.co/24LtZ8OPLw","","","","https://twitter.com/uadslg/status/994499827416285184/photo/1"
"994489294516506629","","","2018-05-10 08:08:19 +0000","<a href=""http://twitter.com/download/iphone"" rel=""nofollow"">Twitter for iPhone</a>","ã„ã‚ã„ã‚ã‚‚ã‚‰ãˆã¦æ¥½ã—ã‹ã£ãŸã‘ã©ã‚ã‚“ã©ãã•ããªã£ãŸã®ã§æ¶ˆã—ãŸ
ã¦ã“ã¨ã§ã¯ã‚‹ã‚‚ã¨ã®è³ªå•ç®±ã¯ã‚‚ã†ä½¿ãˆã¾ã›ã‚“ã®ã§ã”äº†æ‰¿ãã ã•ã„ https://t.co/dtzlzc1U0X","","","","https://twitter.com/uadslg/status/994489294516506629/photo/1,https://twitter.com/uadslg/status/994489294516506629/photo/1"
"994484596463955968","","","2018-05-10 07:49:39 +0000","<a href=""http://twitter.com/download/iphone"" rel=""nofollow"">Twitter for iPhone</a>","ä»Šã®ã¨ã“ã‚é–“é•ãˆã¦ãªã„ã—å¿˜ã‚ŒãŸã‚Šã‚‚ã—ã¦ãªã„ã‹ã‚‰å¤§ä¸ˆå¤«ã‹ãªãƒ¼ã¨æ€ã„å§‹ã‚ãŸãŒã‚¢ã‚¤ã‚³ãƒ³ã‚’ã©ã†ã«ã‹ã›ã­ã°

ã“ã‚Œã˜ã‚ƒãŠç²—æœ«ã™ãã‚‹ https://t.co/yutcb0HXEC","","","","https://twitter.com/uadslg/status/994484596463955968/photo/1"
"994432203743420420","","","2018-05-10 04:21:27 +0000","<a href=""http://twitter.com/download/iphone"" rel=""nofollow"">Twitter for iPhone</a>","ãƒ„ã‚¤æ¶ˆã—ã¯æ—¥èª²","","","",""
"994383367473807360","","","2018-05-10 01:07:24 +0000","<a href=""http://twitter.com/download/iphone"" rel=""nofollow"">Twitter for iPhone</a>","ãªã«ã‚’ç„¦ã£ã¦ã‚‹ã®ã‹","","","",""
"994219055891468289","","","2018-05-09 14:14:29 +0000","<a href=""http://twitter.com/download/iphone"" rel=""nofollow"">Twitter for iPhone</a>","ä¸­é€”åŠç«¯ãªã®ã¯å«Œã„","","","",""
"994214829350043648","","","2018-05-09 13:57:41 +0000","<a href=""http://twitter.com/download/iphone"" rel=""nofollow"">Twitter for iPhone</a>","ãƒãƒªãƒ¼ãƒãƒƒã‚¿ãƒ¼ã®ã‚²ãƒ¼ãƒ ã„ã¾ã„ã¡ã‚ˆãåˆ†ã‹ã‚‰ãªã„
ã¤ã¾ã‚‰ãªãã¯ãªã„ã‚“ã ã‘ã©","","","",""
"994199299771662336","","","2018-05-09 12:55:59 +0000","<a href=""http://twitter.com/download/iphone"" rel=""nofollow"">Twitter for iPhone</a>","ãŠã‰... https://t.co/HsyBKKZBuG","","","","https://twitter.com/spicagraph/status/994080977541582848"
"994189281601044481","","","2018-05-09 12:16:10 +0000","<a href=""https://peing.net"" rel=""nofollow"">Peing</a>","æ¿€ã—ã„ã®ã¯è‚‰ä½“çš„ã«ã‚‚ç²¾ç¥çš„ã«ã‚‚ãƒ ãƒªãªã®ã§ç¶±å¼•ãå‡ºã‚ˆã†ã¨ã‹æ€ã£ã¦ã¾ã™ã‚ˆ 

#peing #è³ªå•ç®± https://t.co/0UP4WJRYPx https://t.co/S2P0oipA5n","","","","https://peing.net/ja/qs/40758558,https://twitter.com/uadslg/status/994189281601044481/photo/1"
"994189043943391232","","","2018-05-09 12:15:13 +0000","<a href=""https://peing.net"" rel=""nofollow"">Peing</a>","ä¿º50ã‚®ãƒªã‚®ãƒªã„ã£ã¦ãªã„ã§ã™ã‚ˆ 

#peing #è³ªå•ç®± https://t.co/WtdGMCLUoA https://t.co/oistdeGljP","","","","https://peing.net/ja/qs/40760381,https://twitter.com/uadslg/status/994189043943391232/photo/1"
"994175985732829184","994175397162962944","948568430172499968","2018-05-09 11:23:20 +0000","<a href=""http://twitter.com/download/iphone"" rel=""nofollow"">Twitter for iPhone</a>","æ¨¡è©¦è‡ªä½“ã¯3700å††ãªã®ã§ãã®ãŠé‡£ã‚Šã®1300å††ã¯ä¿ºãŒã‚‚ã‚‰ã£ã¦éˆ´æœ¨å›ã«5000å††æœ­è¿”ã™ã¨ã„ã†ã“ã¨ã§ã™","","","",""
"994175397162962944","","","2018-05-09 11:21:00 +0000","<a href=""http://twitter.com/download/iphone"" rel=""nofollow"">Twitter for iPhone</a>","å…†ã¯å˜˜ã ã‘ã©ä»Šæ—¥æ²³åˆã®æ¨¡è©¦ã®ç”³ã—è¾¼ã¿ã«ãŠé‡‘æŒã£ã¦è¡Œãå¿˜ã‚ŒãŸã®ã§éˆ´æœ¨æ§˜ãŒè²¸ã—ã¦ãã ã•ã£ãŸ5000å††ã‚’è¿”ã™ã¾ã§ã¨ã‚Šã‚ãˆãšæ­»ã­ãªã„

ç„¡åˆ©å­ã§è²¸ã™ã‚“ã ã‹ã‚‰è‰¯ã„æˆç¸¾å–ã‚Œã‚ˆã¨è¨€ã‚ã‚Œã¾ã—ãŸ https://t.co/vTUOrxG4VQ","","","","https://twitter.com/uadslg/status/994175397162962944/photo/1"
"994157261663621120","994157186350657536","892007235089424384","2018-05-09 10:08:56 +0000","<a href=""http://twitter.com/download/iphone"" rel=""nofollow"">Twitter for iPhone</a>","@muddumplingnna ãƒ’ãƒ ã‚«ã®æ¨ª","","","",""
"994152849960415242","","","2018-05-09 09:51:24 +0000","<a href=""https://peing.net"" rel=""nofollow"">Peing</a>","ãŠãƒ¼æ²³åˆè¡Œã£ã¦ã‚‹äººã§ã™ã‹ã­
ã‚ã‚ŠãŒã¨ã†ã”ã–ã„ã¾ã™å‚è€ƒã«ã—ã¾ã™ 

#peing #è³ªå•ç®± https://t.co/EvdLmDYFdJ https://t.co/WrcmUyjM0L","","","","https://peing.net/ja/qs/40721427,https://twitter.com/uadslg/status/994152849960415242/photo/1"
"994150218198274049","","","2018-05-09 09:40:57 +0000","<a href=""http://twitter.com/download/iphone"" rel=""nofollow"">Twitter for iPhone</a>","å¾Œæ‚”ã˜ã‚ƒãªã„æ–¹æ³•ã§è‡ªåˆ†ã®å¼±ã„ã¨ã“ã‚ã‚’çŸ¥ã‚Œã‚‹ã‚ˆã†ã«ãªã‚ŠãŸã„","","","",""
"994146752298037248","","","2018-05-09 09:27:10 +0000","<a href=""http://twitter.com/download/iphone"" rel=""nofollow"">Twitter for iPhone</a>","LINEã®è‰¯ã„ãƒ—ãƒ­ç”»ãŒè¦‹ã¤ã‹ã‚‰ãªã„","","","",""
"994146502611124224","","","2018-05-09 09:26:11 +0000","<a href=""http://twitter.com/download/iphone"" rel=""nofollow"">Twitter for iPhone</a>","ã¾ã•ã‹æœ€å¯„ã‚Šã«ã‚‚ã‚ã£ãŸã¨ã¯... https://t.co/HFpvE8jh8v","","","","https://twitter.com/uadslg/status/994146502611124224/photo/1"
"994137679578066944","","","2018-05-09 08:51:07 +0000","<a href=""http://twitter.com/download/iphone"" rel=""nofollow"">Twitter for iPhone</a>","ä»Šå¹´ã®ç›®æ¨™ã¯å¾Œæ‚”ã—ãªã„ã“ã¨ã«æ±ºã‚ã¾ã™","","","",""
"994114890598989824","","","2018-05-09 07:20:34 +0000","<a href=""http://twitter.com/download/iphone"" rel=""nofollow"">Twitter for iPhone</a>","æš‡äººãªã®ã§ã‚¯ãƒ©ã‚¹ã‚°ãƒ«ã®æŠ•ç¥¨ã‚„ã‚‰ä½•ã‚„ã‚‰ã¯å¤§ä½“1ç•ªæœ€åˆ","","","",""
"994023104040001541","993996053543190528","878945718752362496","2018-05-09 01:15:50 +0000","<a href=""http://twitter.com/download/iphone"" rel=""nofollow"">Twitter for iPhone</a>","@sakuramai0326 ä½™è¨ˆã«ã‚ã‹ã‚“ãªããªã£ã¡ã‚ƒã†ã‚ˆç¬‘","","","",""
"993994150168047616","","","2018-05-08 23:20:47 +0000","<a href=""http://twitter.com/download/iphone"" rel=""nofollow"">Twitter for iPhone</a>","ãªã‚“ã§ã“ã‚“ãªåŠ å·¥ã•ã‚ŒãŸç”»åƒè¼‰ã›ã¦ã‚“ã® https://t.co/LkvI8T9lpR","","","","https://twitter.com/uadslg/status/993994150168047616/photo/1,https://twitter.com/uadslg/status/993994150168047616/photo/1"
"993970829552631808","993963244027965440","948568430172499968","2018-05-08 21:48:07 +0000","<a href=""http://twitter.com/download/iphone"" rel=""nofollow"">Twitter for iPhone</a>","@sakuramai0326 å¤šã™ãã‚‹ç¬‘ https://t.co/uQtC6mNBGF","","","","https://twitter.com/uadslg/status/993970829552631808/photo/1"
"993964688202346496","","","2018-05-08 21:23:43 +0000","<a href=""https://peing.net"" rel=""nofollow"">Peing</a>","ãŠã‰ãŠã‰ãŠã‰ã”ä¸å¯§ã«ã‚ã‚ŠãŒã¨ã†ã”ã–ã„ã¾ã™
ã¾ãã‚ã‚Œã¯æ¨¡è©¦ã®è©±ã ã£ãŸã‚“ã§ã™ãŒ
æ•°ãƒ¶æœˆå¾Œã«ç¢ºå®Ÿã«æ¥ã‚‹ã§ã‚ã‚ã†å¡¾é¸ã³ã®æ™‚ã«å‚è€ƒã«ã•ã›ã¦ã„ãŸã ãã¾ã™
æ„Ÿè¬ğŸ™ 

#peing #è³ªå•ç®± https://t.co/DZearW2ZJ1 https://t.co/pzDSwOx4Gr","","","","https://peing.net/ja/qs/40649244,https://twitter.com/uadslg/status/993964688202346496/photo/1"
"993963244027965440","993882138180173825","878945718752362496","2018-05-08 21:17:58 +0000","<a href=""http://twitter.com/download/iphone"" rel=""nofollow"">Twitter for iPhone</a>","@sakuramai0326 ğŸ†—","","","",""
"993858240432623616","","","2018-05-08 14:20:44 +0000","<a href=""http://twitter.com/download/iphone"" rel=""nofollow"">Twitter for iPhone</a>","RT @hiveins4ee0121: è‡ªåˆ†ã‹ã‚‰å¤§é‡ã®èª²é¡Œå‡ºã—ã¨ã„ã¦ã€Œã‚´ãƒ¼ãƒ«ãƒ‡ãƒ³ã‚¦ã‚£ãƒ¼ã‚¯ã¯æ¥½ã—ã‚ã¾ã—ãŸã‹ï¼Ÿã€ã£ã¦èãæ•™æˆã€ãŸã¶ã‚“ç¾©å‹™æ•™è‚²ã®éç¨‹ã§é“å¾³ã®å˜ä½ã‚’è½ã¨ã—ã¦ã„ã‚‹ã€‚","993752254984339457","2291107962","2018-05-08 07:19:35 +0000",""
"993856477197615105","","","2018-05-08 14:13:43 +0000","<a href=""http://twitter.com/download/iphone"" rel=""nofollow"">Twitter for iPhone</a>","çœŸã‚“ä¸­ã§0ã‚­ãƒ«ã§ã©ã‚“ã¨æ§‹ãˆã¦ã„ã‚‹ãƒ—ãƒ¬ã‚¤ãƒ¤ãƒ¼ãŒç€é™¸å³æ­»ã§æœ‰åãªã‹ã®Syunponã§ã™ https://t.co/8OBdr3jjzo","","","","https://twitter.com/uadslg/status/993856477197615105/photo/1"
"993854039379951616","993853600899072002","878945718752362496","2018-05-08 14:04:02 +0000","<a href=""http://twitter.com/download/iphone"" rel=""nofollow"">Twitter for iPhone</a>","@sakuramai0326 ã˜ã‚ƒã‚è¦‹ã‚‹
åå‰ãªã«ï¼Ÿ","","","",""
"993852872470118400","","","2018-05-08 13:59:24 +0000","<a href=""http://twitter.com/download/iphone"" rel=""nofollow"">Twitter for iPhone</a>","ç•°ãªå›½æ—¥æœ¬ã«ãƒ©ã‚¯ã‚¹ãƒãƒ³
æ ¹å®¤ã§çœ ã‚ãƒ¼

ã£ã¦ã“ã¨ã§ãŠã‚„ã™ã¿","","","",""
"993843650650980353","","","2018-05-08 13:22:45 +0000","<a href=""http://twitter.com/download/iphone"" rel=""nofollow"">Twitter for iPhone</a>","å¥³å­ã®æ‰±ã„ã²ã©ã™ãå•é¡Œ https://t.co/OhiSgdYRGZ","","","","https://twitter.com/uadslg/status/993843650650980353/photo/1"
"993837539818586112","","","2018-05-08 12:58:28 +0000","<a href=""http://twitter.com/download/iphone"" rel=""nofollow"">Twitter for iPhone</a>","å¾Œæ‚”ã¯ã—ã¦ã„ãªã„ https://t.co/rmmGmIu9fo","","","","https://twitter.com/uadslg/status/993837539818586112/photo/1"
"993834129513897984","","","2018-05-08 12:44:55 +0000","<a href=""https://peing.net"" rel=""nofollow"">Peing</a>","ã•ã£ãã‚‚è¨€ã£ãŸã‚ˆã†ã«ç‰¹ã«ã—ã¦ã¾ã›ã‚“

è¡Œãã¨ãã¯ã“ã¡ã‚‰ã‹ã‚‰è¡Œã“ã†ã‹ã¨æ€ã£ã¦ã¾ã™ã‚“ã§ 

#peing #è³ªå•ç®± https://t.co/H9y2JeXLZI https://t.co/qkr3rgPXWV","","","","https://peing.net/ja/qs/40571363,https://twitter.com/uadslg/status/993834129513897984/photo/1"
"993833068552011776","","","2018-05-08 12:40:42 +0000","<a href=""https://peing.net"" rel=""nofollow"">Peing</a>","ä¸€å¿œãƒã‚¿çš„ãªå½¼æ°ã¯å—ã‘å…¥ã‚Œã¦ãªãã¯ãªã„ã§ã™ã‚ˆ 

#peing #è³ªå•ç®± https://t.co/H8pSP3Hwx2 https://t.co/fZizWogg02","","","","https://peing.net/ja/qs/40571709,https://twitter.com/uadslg/status/993833068552011776/photo/1"
"993832661083869185","","","2018-05-08 12:39:05 +0000","<a href=""http://twitter.com/download/iphone"" rel=""nofollow"">Twitter for iPhone</a>","ã¿ã‚‰ã¦ã„ã¶ã¿ã‚‹ãŸã‚ã ã‘ã«å…¥ã‚ŒãŸ https://t.co/z4YgZXCuIU","","","","https://twitter.com/uadslg/status/993832661083869185/photo/1"
"993820099755753472","","","2018-05-08 11:49:10 +0000","<a href=""http://twitter.com/download/iphone"" rel=""nofollow"">Twitter for iPhone</a>","ä¿ºç´ ç›´ã˜ã‚ƒãªã„ã®ã§ğŸ™ƒ","","","",""
"993819468030660608","","","2018-05-08 11:46:40 +0000","<a href=""https://peing.net"" rel=""nofollow"">Peing</a>","å‹Ÿé›†ã£ã¦ãªã‚“ã‹èª°ã§ã‚‚ã„ã„ã¿ãŸã„ã«èã“ãˆã‚‹ã®ã§ãã†ã„ã†æ„å‘³ã ã¨ã—ãŸã‚‰ã„ã„ãˆ 

#peing #è³ªå•ç®± https://t.co/LbqPEqkfL6 https://t.co/PYEibQpcTi","","","","https://peing.net/ja/qs/40489567,https://twitter.com/uadslg/status/993819468030660608/photo/1"
"993818226457890816","","","2018-05-08 11:41:44 +0000","<a href=""https://peing.net"" rel=""nofollow"">Peing</a>","ã‚¤ã‚­ã£ã¦ãªã„ã‘ã©ã©ã“ãŒãã†è¦‹ãˆãŸã‚“ã§ã™ã‹ã­

ãƒã‚¹ã‚³ãƒƒãƒˆã®ã‚°ãƒ«ã¯LINEã‚„ã£ã¦ãªã„äººã®ä»£ã‚ã‚Šã«å…¥ã£ã¦ãã®äººã«ä¼ãˆã‚‹ã¨ã„ã†ç›®çš„ã‚‚ã‚ã£ã¦å…¥ã‚Œã¦ã‚‚ã‚‰ã£ãŸã‚“ã ã‘ã© 

#peing #è³ªå•ç®± https://t.co/Wa5L03Mf4y https://t.co/qqwMxNt7W8","","","","https://peing.net/ja/qs/40546134,https://twitter.com/uadslg/status/993818226457890816/photo/1"
"993797781281161217","","","2018-05-08 10:20:29 +0000","<a href=""https://peing.net"" rel=""nofollow"">Peing</a>","ã¾ã€ã¾ã æœ¬æ°—å‡ºã—ã¦ãªã„ã—ã£ï¼Ÿ 

#peing #è³ªå•ç®± https://t.co/t2TovPbpSQ https://t.co/40bv2oQL9b","","","","https://peing.net/ja/qs/40517098,https://twitter.com/uadslg/status/993797781281161217/photo/1"
"993790765825310721","","","2018-05-08 09:52:36 +0000","<a href=""http://twitter.com/download/iphone"" rel=""nofollow"">Twitter for iPhone</a>","ãƒœãƒœãƒœãƒœãƒœãƒœã“ã®å·æ·±ã£ã„ãƒœãƒœãƒœãƒœãƒœãƒœãƒœãƒœãƒœãƒœãƒœãƒœãƒœãƒœãƒœãƒœãƒœãƒœãƒœãƒœãƒœãƒœãƒœãƒœãƒœãƒœãƒœãƒœãƒœãƒœãƒœãƒœãƒœãƒœãƒœãƒœãƒœãƒœãƒœãƒœãƒœãƒœãƒœãƒœãƒœãƒœãƒœãƒœãƒœãƒœãƒœãƒœãƒœãƒœãƒœãƒœãƒœãƒœãƒœãƒœãƒœãƒœãƒœãƒœãƒœãƒœãƒœãƒœãƒœãƒœãƒœãƒœãƒœãƒœãƒœãƒœãƒœãƒœãƒœãƒœãƒœãƒœãƒœãƒœãƒœãƒœãƒœãƒœãƒœãƒœãƒœãƒœãƒœãƒœãƒœãƒœãƒœãƒœãƒœãƒœãƒœãƒœãƒœãƒœãƒœãƒœãƒœãƒœãƒœãƒœãƒœãƒœãƒœãƒœãƒœãƒœãƒœãƒœãƒœãƒœâ†‘ãƒœâ†“ ãƒœâ†‘ãƒœâ†“","","","",""
"993790289880887296","","","2018-05-08 09:50:43 +0000","<a href=""http://twitter.com/download/iphone"" rel=""nofollow"">Twitter for iPhone</a>","ãã‚‡ãˆãã‚‡ãˆãã‚‡ãˆãã‚‡ãˆãã‚‡ãˆãã‚‡ãˆãã‚‡ãˆãã‚‡ãˆãã‚‡ãˆãã‚‡ãˆãã‚‡ãˆãã‚‡ãˆãã‚‡ãˆãã‚‡ãˆãã‚‡ãˆãã‚‡ãˆãã‚‡ãˆãã‚‡ãˆãã‚‡ãˆãã‚‡ãˆãã‚‡ãˆãã‚‡ãˆãã‚‡ãˆãã‚‡ãˆãã‚‡ãˆãã‚‡ãˆãã‚‡ãˆãã‚‡ãˆãã‚‡ãˆãã‚‡ãˆãã‚‡ãˆãã‚‡ãˆãã‚‡ãˆãã‚‡ãˆãã‚‡ãˆãã‚‡ãˆãã‚‡ãˆãã‚‡ãˆãã‚‡ãˆãã‚‡ãˆãã‚‡ãˆãã‚‡ãˆãã‚‡ãˆãã‚‡ãˆãã‚‡ãˆãã‚‡ãˆ","","","",""
"993789796525817857","","","2018-05-08 09:48:45 +0000","<a href=""http://twitter.com/download/iphone"" rel=""nofollow"">Twitter for iPhone</a>","ã‚­ãƒ¬ã‚¤ https://t.co/r5jl2v13gn","","","","https://twitter.com/uadslg/status/993789753127456768"
"993789753127456768","","","2018-05-08 09:48:35 +0000","<a href=""http://twitter.com/download/iphone"" rel=""nofollow"">Twitter for iPhone</a>","ã†ã‚ãããããããããããããããã†ã‚ãããããããããããããããã†ã‚ãããããããããããããããã†ã‚ãããããããããããããããã†ã‚ãããããããããããããããã†ã‚ãããããããããããããããã†ã‚ãããããããããããããããã†ã‚ããããããããããããããã","","","",""
"993782752846659584","993782647183761408","948568430172499968","2018-05-08 09:20:46 +0000","<a href=""http://twitter.com/download/iphone"" rel=""nofollow"">Twitter for iPhone</a>","æ³£ã„ãŸã¨ã¯è¨€ã£ã¦ãªã„","","","",""
"993782647183761408","","","2018-05-08 09:20:21 +0000","<a href=""http://twitter.com/download/iphone"" rel=""nofollow"">Twitter for iPhone</a>","æ³£ã‘ã‚‹ https://t.co/BbZfgUIuQE","","","","https://twitter.com/triple_pad/status/993248341071818754"
"993776800747565057","","","2018-05-08 08:57:07 +0000","<a href=""http://twitter.com/download/iphone"" rel=""nofollow"">Twitter for iPhone</a>","#ã„ã„ã­ã•ã‚ŒãŸã‚‰é©å½“ã«TLè’ã‚‰ã—ã¦ã„ã","","","",""
"993775799521173504","","","2018-05-08 08:53:08 +0000","<a href=""http://twitter.com/download/iphone"" rel=""nofollow"">Twitter for iPhone</a>","RT @TwiSoniax: ä½•ãªã®ã‚³ã‚¤ãƒ„ï¼Ÿ https://t.co/1TFNb2Y3aP","993463828837908480","977770199490285574","2018-05-07 12:13:29 +0000","https://twitter.com/TwiSoniax/status/993463828837908480/photo/1,https://twitter.com/TwiSoniax/status/993463828837908480/photo/1,https://twitter.com/TwiSoniax/status/993463828837908480/photo/1,https://twitter.com/TwiSoniax/status/993463828837908480/photo/1,https://twitter.com/TwiSoniax/status/993463828837908480/photo/1,https://twitter.com/TwiSoniax/status/993463828837908480/photo/1,https://twitter.com/TwiSoniax/status/993463828837908480/photo/1,https://twitter.com/TwiSoniax/status/993463828837908480/photo/1"
"993768651978231809","","","2018-05-08 08:24:44 +0000","<a href=""http://twitter.com/download/iphone"" rel=""nofollow"">Twitter for iPhone</a>","è³ªå•ç®±ã«è³ªå•å…¥ã‚Œã‚‹ã®ã¨Twitterã¸ã®æµ®ä¸Šã¯æ™‚é–“ãšã‚‰ã•ãªã„ã¨é§„ç›®ã§ã™ğŸ™…â€â™‚ï¸","","","",""
"993612149841838080","","","2018-05-07 22:02:51 +0000","<a href=""http://twitter.com/download/iphone"" rel=""nofollow"">Twitter for iPhone</a>","RT @PUBGMOBILE_JP: ã‚¹ãƒãƒ›ç‰ˆPUBG
ã¤ã„ã«ã€æ—¥æœ¬ä¸Šé™¸ï¼
å…¨ä¸–ç•Œ100ãƒµå›½ä»¥ä¸Š
DLãƒ©ãƒ³ã‚­ãƒ³ã‚°1ä½ã‚’è¨˜éŒ²ï¼
çœŸã®ã‚¹ãƒãƒ›ã‚µãƒã‚²ãƒ¼ãŒç›®ã‚’è¦šã¾ã™ã€‚
ãƒ‰ãƒ³å‹ã›ã‚ˆï¼
äº‹å‰ç™»éŒ²å—ä»˜ä¸­ï¼","991535235417309184","975645273795022848","2018-05-02 04:29:56 +0000",""
"993510258747232256","993509488899473408","724920863825485824","2018-05-07 15:17:58 +0000","<a href=""http://twitter.com/download/iphone"" rel=""nofollow"">Twitter for iPhone</a>","@jade_imas ç´ æ™´ã‚‰ã—ã„ğŸ‘","","","",""
"993507354913091584","","","2018-05-07 15:06:26 +0000","<a href=""http://twitter.com/download/iphone"" rel=""nofollow"">Twitter for iPhone</a>","0ã£ã¦ãªã‚“ã ã‚ˆ

ãƒ„ã‚¤ãƒƒã‚¿ãƒ¼æ­´ã€€124æ—¥
å¹³å‡ãƒ„ã‚¤ãƒ¼ãƒˆæ•°ã€€0å›/æ—¥
å¹³å‡ãƒ„ã‚¤ãƒ¼ãƒˆæ–‡å­—æ•°ã€€53æ–‡å­—/ãƒ„ã‚¤ãƒ¼ãƒˆ
ã‚ãªãŸã®ãƒ„ã‚¤å»ƒåº¦ã¯ã€0ã€‘ã§ã™ã€‚

ï½100 æ­£å¸¸
ï½400 è»½åº¦
ï½700 é‡åº¦
700ï½ æœ«æœŸ
#ãƒ„ã‚¤ãƒƒã‚¿ãƒ¼ä¾å­˜åº¦æ¤œæŸ»
 https://t.co/7LZW02KmpP","","","","http://appli-maker.jp/analytic_apps/48576"
"993503903474843648","","","2018-05-07 14:52:43 +0000","<a href=""https://peing.net"" rel=""nofollow"">Peing</a>","åœŸæ—¥ã¯åŸºæœ¬ä¼‘ã¿ã ã‘ã©æœˆã‹ã‚‰é‡‘ã¯æ¯æ—¥17:30ã¨ã‹é…ãã¦18:00ãã‚‰ã„ã¾ã§ã‚„ã£ã¦ã¾ã™ã‚ˆ 

#peing #è³ªå•ç®± https://t.co/OZch8yu5hx https://t.co/XuzDFVQ8dG","","","","https://peing.net/ja/qs/40405091,https://twitter.com/uadslg/status/993503903474843648/photo/1"
"993495278475821057","","","2018-05-07 14:18:27 +0000","<a href=""http://twitter.com/download/iphone"" rel=""nofollow"">Twitter for iPhone</a>","ã‹ã‚‚ã‚“ã¬

ã¯ã‚‹ã‚‚ã¨ã®è³ªå•ç®±ã§ã™ https://t.co/BN7SvN9l1h #è³ªå•ç®± #peing","","","","https://peing.net/ja/uadslg?v=1"
"993463811188310017","","","2018-05-07 12:13:24 +0000","<a href=""http://twitter.com/download/iphone"" rel=""nofollow"">Twitter for iPhone</a>","ç™½é€£ã¸ã®è¿”ä¿¡å…¨éƒ¨ã€Œé ‘å¼µã‚‹ã€ã§é€šã˜ã‚‹èª¬ãµj https://t.co/AcLTo54KND","","","","https://twitter.com/uadslg/status/993463811188310017/photo/1"
"993460239994257408","","","2018-05-07 11:59:13 +0000","<a href=""http://twitter.com/download/iphone"" rel=""nofollow"">Twitter for iPhone</a>","ã™ã„ã¾ã›ã‚“ã§ã—ãŸ
æ—¥æœ¬ç”Ÿãã‚(é©å½“)","","","",""
"993441699983572992","","","2018-05-07 10:45:33 +0000","<a href=""http://twitter.com/download/iphone"" rel=""nofollow"">Twitter for iPhone</a>","ã ã‚Œã‹ã„ã„ã­ã—ã‚ https://t.co/WWAzx2fTUJ","","","","https://twitter.com/uadslg/status/993441699983572992/photo/1"
"993437346828730369","","","2018-05-07 10:28:15 +0000","<a href=""http://twitter.com/download/iphone"" rel=""nofollow"">Twitter for iPhone</a>","ç™½é€£ç›¸æ‰‹ã«ã™ã’ã‡æš´è¨€åã„ã¦ã‚‹ https://t.co/mos2yBsfHd","","","","https://twitter.com/uadslg/status/993437346828730369/photo/1"
"993437214146158593","","","2018-05-07 10:27:43 +0000","<a href=""http://twitter.com/download/iphone"" rel=""nofollow"">Twitter for iPhone</a>","è‡ªåˆ†è¦‹ã¤ã‘ãŸw https://t.co/9MLDsQpJVt","","","","https://twitter.com/atsugi_news/status/993375198932955136"
"993435911957327872","","","2018-05-07 10:22:33 +0000","<a href=""http://twitter.com/download/iphone"" rel=""nofollow"">Twitter for iPhone</a>","é‹å–¶ã®å…¨ç„¶çŸ¥ã‚‰ãªã„äººã«ãƒãƒ¬ã‚‹ãªã‚‰ã¾ãè‰¯ã„ã‚“ã ã‘ã©","","","",""
"993435477532327937","","","2018-05-07 10:20:49 +0000","<a href=""http://twitter.com/download/iphone"" rel=""nofollow"">Twitter for iPhone</a>","Twitterã‚‚LINEã®ã‚¿ã‚¤ãƒ ãƒ©ã‚¤ãƒ³ã¿ãŸã„ã«æ•°æ™‚é–“ã ã‘ã¿ãŸã„ãªæŠ•ç¨¿ã§ããŸã‚‰ã„ã„ã®ã«","","","",""
"993427182113382401","","","2018-05-07 09:47:51 +0000","<a href=""http://twitter.com/download/iphone"" rel=""nofollow"">Twitter for iPhone</a>","ç™½é€£å…¬å¼å¢ã«ã‚¹ã‚¿çˆ†ã—ã¦ãã¾ã—ãŸ https://t.co/SvsqN5Y3B2","","","","https://twitter.com/uadslg/status/993427182113382401/video/1"
"993425544539553792","","","2018-05-07 09:41:21 +0000","<a href=""http://twitter.com/download/iphone"" rel=""nofollow"">Twitter for iPhone</a>","è‰²ã€…ã‚„ã£ã¦è¦‹ãŸã‘ã© https://t.co/86r6wblUP9","","","","https://twitter.com/uadslg/status/993425544539553792/photo/1,https://twitter.com/uadslg/status/993425544539553792/photo/1,https://twitter.com/uadslg/status/993425544539553792/photo/1,https://twitter.com/uadslg/status/993425544539553792/photo/1"
"993423519567396865","","","2018-05-07 09:33:18 +0000","<a href=""http://twitter.com/download/iphone"" rel=""nofollow"">Twitter for iPhone</a>","ã¾ãLINEã®å…¬å¼ã‚¢ã‚«ã‚¦ãƒ³ãƒˆã«å¤‰ãªã“ã¨é€ã£ã¡ã‚ƒã„ã‘ãªã„ã¨ã„ã†ã“ã¨ãŒåˆ†ã‹ã£ãŸã®ã§è‰¯ã‹ã£ãŸã§ã™","","","",""
"993420097438998528","993419114784874501","724920863825485824","2018-05-07 09:19:42 +0000","<a href=""http://twitter.com/download/iphone"" rel=""nofollow"">Twitter for iPhone</a>","@jade_imas ã¡ãªã¿ã«ãƒãƒãƒ‰ãƒªã£ã¦ã‚„ã¤ã ã¨ã“ã‚“ãªæ„Ÿã˜ https://t.co/AAK4DfTBPc","","","","https://twitter.com/uadslg/status/993420097438998528/photo/1"
"993419402224713728","993419114784874501","724920863825485824","2018-05-07 09:16:56 +0000","<a href=""http://twitter.com/download/iphone"" rel=""nofollow"">Twitter for iPhone</a>","@jade_imas çµæ§‹é…ã‹ã£ãŸ()","","","",""
"993418938468913152","993418709887668224","724920863825485824","2018-05-07 09:15:06 +0000","<a href=""http://twitter.com/download/iphone"" rel=""nofollow"">Twitter for iPhone</a>","@jade_imas ã¾ã...ã‚‚ã—è¦‹ã‚‰ã‚Œã¦ã‚‚ã—ã‚‡ã†ãŒãªã„w","","","",""
"993418211705040897","993417987163017216","724920863825485824","2018-05-07 09:12:13 +0000","<a href=""http://twitter.com/download/iphone"" rel=""nofollow"">Twitter for iPhone</a>","@jade_imas ãªã«ä½¿ã£ã¦ã‚‹ã‹ã‚ã‹ã‚Œã°ã©ã£ã¡ã‹åˆ†ã‹ã‚‹ã‚“ã ã‘ã©è¦‹ã‚Œãªã„ã¨ä¿¡ã˜ãŸã„","","","",""
"993416682247876608","","","2018-05-07 09:06:08 +0000","<a href=""http://twitter.com/download/iphone"" rel=""nofollow"">Twitter for iPhone</a>","ã¾ãã“ã†ã™ã‚Šã‚ƒä¿ºã ã£ã¦åˆ†ã‹ã‚‰ã‚“ã‚„ã‚ https://t.co/V7K0HaXrqa","","","","https://twitter.com/uadslg/status/993416682247876608/photo/1"
"993416419151724545","","","2018-05-07 09:05:05 +0000","<a href=""http://twitter.com/download/iphone"" rel=""nofollow"">Twitter for iPhone</a>","ä¿ºãŒä½¿ã£ã¦ãŸbotã®ã‚µãƒ¼ãƒ“ã‚¹ã¯è¦‹ã‚ŒãŸã‹ã‚‰ã“ã‚Œã‚‚è¦‹ã‚Œã‚‹ã‹ã‚‚ãª https://t.co/DnEOhG4tku","","","","https://twitter.com/uadslg/status/993415951335882752"
"993415951335882752","","","2018-05-07 09:03:14 +0000","<a href=""http://twitter.com/download/iphone"" rel=""nofollow"">Twitter for iPhone</a>","ãŠã„ã¾ã¦ã“ã®ãƒˆãƒ¼ã‚¯ã®å†…å®¹ç™½é€£ã®å¢é‹å–¶ã—ã¦ã‚‹äººã«è¦‹ã‚‰ã‚ŒãŸã‚Šã—ãªã„ã‚ˆã­ï¼Ÿ
ã‚‚ã—è¦‹ã‚‰ã‚ŒãŸã‚‰æ­»ç¢ºå®šã‚¾","","","",""
"993415434245357568","","","2018-05-07 09:01:10 +0000","<a href=""http://twitter.com/download/iphone"" rel=""nofollow"">Twitter for iPhone</a>","ç™½é€£ã®å…¬å¼å¢ãŒè©±ã—ç›¸æ‰‹ã«ãªã‚‰ãªã„ã©ã“ã‚ã‹ç…½ã£ã¦ãã‚‹ã‚“ã ãŒ","","","",""
"993414507698339840","","","2018-05-07 08:57:30 +0000","<a href=""http://twitter.com/download/iphone"" rel=""nofollow"">Twitter for iPhone</a>","ãªã‚“ã‚„ã“ã„ã¤ https://t.co/qOqZCE2sao","","","","https://twitter.com/uadslg/status/993414507698339840/photo/1"
"993413632108068867","","","2018-05-07 08:54:01 +0000","<a href=""http://twitter.com/download/iphone"" rel=""nofollow"">Twitter for iPhone</a>","ğŸ˜­","","","",""
"993412156245721088","","","2018-05-07 08:48:09 +0000","<a href=""http://twitter.com/download/iphone"" rel=""nofollow"">Twitter for iPhone</a>","æ”¹æœ­é€šã‚ã†ã¨æ€ã£ãŸã‚‰ãƒ‘ã‚¹ãƒ¢ãŒãƒã‚±ãƒƒãƒˆã‹ã‚‰å‡ºã¦ã“ãªã‹ã£ãŸã®ã§æ—¥æœ¬æ­»ã­","","","",""
"993406063759130625","","","2018-05-07 08:23:56 +0000","<a href=""http://twitter.com/download/iphone"" rel=""nofollow"">Twitter for iPhone</a>","é›¨ã ãƒ¼ï¼ï¼","","","",""
"993397295482732544","993397254965755906","948568430172499968","2018-05-07 07:49:06 +0000","<a href=""http://twitter.com/download/iphone"" rel=""nofollow"">Twitter for iPhone</a>","ã§ãªããªã£ãŸ","","","",""
"993397254965755906","","","2018-05-07 07:48:56 +0000","<a href=""http://twitter.com/download/iphone"" rel=""nofollow"">Twitter for iPhone</a>","ãƒã‚¹ã‚³ãƒƒãƒˆå‡ºãªããªã£ãŸæ˜¥æœ¬ã®ãŸã‚ã«äº€ç”°ãã‚“ãŒã€Œãƒã‚¹ã‚³ãƒƒãƒˆã¯å­¦æ ¡ãã‚“ãªã‚ˆã€ã®ç”»åƒã‚’ä¾›é¤Šã—ã¦ãã‚Œã¦ã¾ã™","","","",""
"993388111924154372","","","2018-05-07 07:12:36 +0000","<a href=""http://twitter.com/download/iphone"" rel=""nofollow"">Twitter for iPhone</a>","è»½éŸ³ã®æ¼”å¥ãŒç‰©ç†å®Ÿé¨“å®¤ã§èã“ãˆã‚‹","","","",""
"993249944516542464","","","2018-05-06 22:03:35 +0000","<a href=""http://twitter.com/download/iphone"" rel=""nofollow"">Twitter for iPhone</a>","ã‚¹ã‚¿ãƒ‡ã‚£ãƒ—ãƒ©ã‚¹å¸ƒæ•™ã—ãŸã„ã‚“ã ã‘ã©
ã‚‚ã†ã™ã§ã«å‹‰å¼·é ‘å¼µã£ã¦ã‚‹äººã¯ã“ã‚“ãªã®ä½¿ã‚ãªã„ã£ã½ã„ã®ã§è«¦ã‚ã‚‹ã‹","","","",""
"993248994544398338","","","2018-05-06 21:59:48 +0000","<a href=""http://twitter.com/download/iphone"" rel=""nofollow"">Twitter for iPhone</a>","ã‚ã‚“ãªã«ä¼‘ã¿ãŒã‚ã£ãŸã®ã«8æ™‚é–“ã¨ã„ã† https://t.co/pTsYH8oP4y","","","","https://twitter.com/uadslg/status/993248994544398338/photo/1"
"993243450848956416","993242076014772226","948568430172499968","2018-05-06 21:37:46 +0000","<a href=""http://twitter.com/download/iphone"" rel=""nofollow"">Twitter for iPhone</a>","ã ã£ã¦å¼å½“è²·ã£ã¦ã“ã‚ˆã†ã‹ã§ã—ã‚‡ï¼Ÿå„ªã—ã™ãã‚‹ã‚ˆ","","","",""
"993242076014772226","","","2018-05-06 21:32:19 +0000","<a href=""http://twitter.com/download/iphone"" rel=""nofollow"">Twitter for iPhone</a>","ã¡ã‚ƒã‚“ã¨è¨€ã£ã¦ãã‚Œãªã„ã¨åˆ†ã‹ã‚‰ã¥ã‚‰ã„ã—ã€
æ—¦é‚£ã•ã‚“ã‚‚ãªã‚“ã‹ã‚ã£ãŸã®ã‹ãªã£ã¦è¨€ã£ã¦ãªã„ã ã‘ã§æ€ã£ã¦ã‚‹ã‹ã‚‚ã—ã‚Œãªã„ https://t.co/Xq2fvpmIay","","","","https://twitter.com/b__e__w__b/status/992642252542365697"
"993105643950166016","","","2018-05-06 12:30:11 +0000","<a href=""http://twitter.com/download/iphone"" rel=""nofollow"">Twitter for iPhone</a>","ä¹…ã—ã¶ã‚Šã«è¦‹ãŸãƒ¼() https://t.co/p8fw4ANDkZ","","","","https://twitter.com/souta053/status/992660163160031233"
"993065505647833088","993063444734660609","878945718752362496","2018-05-06 09:50:41 +0000","<a href=""http://twitter.com/download/iphone"" rel=""nofollow"">Twitter for iPhone</a>","@sakuramai0326 æœ€å¾Œã®æ–¹ã ã‘æ€¥ã«èã“ãˆã¦ããŸ","","","",""
"993056300954140672","","","2018-05-06 09:14:06 +0000","<a href=""https://peing.net"" rel=""nofollow"">Peing</a>","ã‚¿ãƒ¼ã‚²ãƒƒãƒˆ1900ã¨æ„‰å¿«ãªä»²é–“ãŸã¡ï¼ˆã‚¿ãƒ¼ã‚²ãƒƒãƒˆã®ã‚¢ãƒ—ãƒªï¼‰ 

#peing #è³ªå•ç®± https://t.co/FIawTUJRhx https://t.co/QqWt97numN","","","","https://peing.net/ja/qs/40043467,https://twitter.com/uadslg/status/993056300954140672/photo/1"
"993051262378688512","","","2018-05-06 08:54:05 +0000","<a href=""http://twitter.com/download/iphone"" rel=""nofollow"">Twitter for iPhone</a>","RT @Yui_pitagoraA40: @uadslg ã‚¨ãƒ“åäººã‹ã¨æ€ã„ã¾ã—ãŸ(éŒ¯è¦š)","993040165600874496","845157581182054401","2018-05-06 08:09:59 +0000",""
"993051214588735488","993050485291606016","878945718752362496","2018-05-06 08:53:54 +0000","<a href=""http://twitter.com/download/iphone"" rel=""nofollow"">Twitter for iPhone</a>","@sakuramai0326 é•ã†
ãã®æ—¥ã®æ˜¼å‰ãã‚‰ã„ã«ãƒ‡ãƒ¥ã‚ªã‚„ã£ãŸã¨ã","","","",""
"993048013319815168","","","2018-05-06 08:41:10 +0000","<a href=""http://twitter.com/download/iphone"" rel=""nofollow"">Twitter for iPhone</a>","ã‚¹ãƒãƒ›åˆ©ç”¨æ¸›ã‚‰ã™ãŸã‚ã«åŸºæœ¬ãŠã‚„ã™ã¿ãƒ¢ãƒ¼ãƒ‰ãƒãƒ³ã«ãªã‚ã†ã‹ãª","","","",""
"993047489639993346","993046390568730624","878945718752362496","2018-05-06 08:39:06 +0000","<a href=""http://twitter.com/download/iphone"" rel=""nofollow"">Twitter for iPhone</a>","@sakuramai0326 ã‚ãƒ¼ã‚„ã£ã±ã‚Šç¬‘
ãƒã‚¤ã‚¯ã‹ã‚‰ã„ã‚ã„ã‚èã“ãˆã¦ããŸã‹ã‚‰ä½•äº‹ã‹ã¨

ã‚ã¨LINEé€ã£ã¦ã‚ã‚‹ã‘ã©æ°—ã«ã—ãªã„ã§","","","",""
"993046630327730176","","","2018-05-06 08:35:41 +0000","<a href=""https://peing.net"" rel=""nofollow"">Peing</a>","ç‰¹åˆ¥æ¥½ã—ã¿ã£ã¦ã‚ã‘ã§ã‚‚ãªã„ã‘ã©ãƒšã‚¢ãƒ€ãƒ³æ€–ã„ 

#peing #è³ªå•ç®± https://t.co/pYL9rn20Tg https://t.co/H6YtJRt3Pp","","","","https://peing.net/ja/qs/40028441,https://twitter.com/uadslg/status/993046630327730176/photo/1"
"993046399267684352","","","2018-05-06 08:34:46 +0000","<a href=""https://peing.net"" rel=""nofollow"">Peing</a>","ä¸¡æ–¹å¥½ãã§ã™
ã©ã¡ã‚‰ã‹é¸ã¹ã¨è¨€ã‚ã‚ŒãŸã‚‰çŒ«ã§ã™ã‹ã­ 

#peing #è³ªå•ç®± https://t.co/GzEbpjhtH8 https://t.co/bmlvnHCUmx","","","","https://peing.net/ja/qs/40032443,https://twitter.com/uadslg/status/993046399267684352/photo/1"
"993033815340675072","","","2018-05-06 07:44:45 +0000","<a href=""http://twitter.com/download/iphone"" rel=""nofollow"">Twitter for iPhone</a>","æ˜æ—¥ã¯å®Ÿè³ª4æ™‚é–“æˆæ¥­ã¿ãŸã„ãªã‚‚ã‚“ã ã—ãª","","","",""
"993013922050404353","","","2018-05-06 06:25:42 +0000","<a href=""https://peing.net"" rel=""nofollow"">Peing</a>","ã†ã‚‹ã•ã„ã«ã‚‚ç¨®é¡ãŒã‚ã‚‹ã®ã§ãªã‚“ã¨ã‚‚... 

#peing #è³ªå•ç®± https://t.co/gp6Y1nfL1r https://t.co/ETkPY1rkOf","","","","https://peing.net/ja/qs/39983375,https://twitter.com/uadslg/status/993013922050404353/photo/1"
"993013840680964096","","","2018-05-06 06:25:23 +0000","<a href=""https://peing.net"" rel=""nofollow"">Peing</a>","å°†æ¥ã©ã†ãªã‚‹ã‹ã¯åˆ†ã‹ã‚‰ãªã„ã‘ã©ã¨ã‚Šã‚ãˆãšã„ã¾ã¯ãªã„ã‚ˆ 

#peing #è³ªå•ç®± https://t.co/DxETaQqYtP https://t.co/GZEyZjPiHB","","","","https://peing.net/ja/qs/39988886,https://twitter.com/uadslg/status/993013840680964096/photo/1"
"992995094889299969","992994738499305474","892007235089424384","2018-05-06 05:10:54 +0000","<a href=""http://twitter.com/download/iphone"" rel=""nofollow"">Twitter for iPhone</a>","@muddumplingnna æµã‚Œçš„ã«ç¨²è‘‰ã‹ã¨æ€ãŸ","","","",""
"992995019119149056","992994490389381122","977727024327356416","2018-05-06 05:10:36 +0000","<a href=""http://twitter.com/download/iphone"" rel=""nofollow"">Twitter for iPhone</a>","@zerusaika ã¡ã‚ƒã†ã‚“ã‹ãƒ¼ã„","","","",""
"992993984766070784","","","2018-05-06 05:06:29 +0000","<a href=""https://peing.net"" rel=""nofollow"">Peing</a>","ã„ãªã°ã˜ã‚ƒã­ï¼Ÿ(é©å½“) 

#peing #è³ªå•ç®± https://t.co/8qgET7BLtY https://t.co/dVk1qIhxLJ","","","","https://peing.net/ja/qs/39982648,https://twitter.com/uadslg/status/992993984766070784/photo/1"
"992991719141490688","","","2018-05-06 04:57:29 +0000","<a href=""https://peing.net"" rel=""nofollow"">Peing</a>","ãˆãƒ¼æ€–ã„ãªã°ğŸ™†â€â™‚ï¸ 

#peing #è³ªå•ç®± https://t.co/ZuO1VllAmh https://t.co/Wj06GAmB5p","","","","https://peing.net/ja/qs/39976265,https://twitter.com/uadslg/status/992991719141490688/photo/1"
"992976719341486080","","","2018-05-06 03:57:53 +0000","<a href=""http://twitter.com/download/iphone"" rel=""nofollow"">Twitter for iPhone</a>","ãƒ€ãƒ³ã‚¹ã®ç·´ç¿’ã£ã¦ã„ã¤å§‹ã¾ã‚“ã®ã‹ãª","","","",""
"992975459079016449","","","2018-05-06 03:52:52 +0000","<a href=""http://twitter.com/download/iphone"" rel=""nofollow"">Twitter for iPhone</a>","æš‡ã§ã£ã™

ã¯ã‚‹ã‚‚ã¨ã®è³ªå•ç®±ã§ã™ https://t.co/xnTos9x9NN #è³ªå•ç®± #peing","","","","https://peing.net/ja/uadslg?v=1?event=3"
"992974427565387777","","","2018-05-06 03:48:46 +0000","<a href=""https://peing.net"" rel=""nofollow"">Peing</a>","è‡ªåˆ†ã§æŒã£ã¦ã‚‹å†™çœŸã¯ã»ã¼ãªã„
å’ã‚¢ãƒ«ã¨ã‹ãªã‚‰ã‚ã‚‹ã‘ã©ã­ 

#peing #è³ªå•ç®± https://t.co/PQ3lrxHYEZ https://t.co/OFLeNHlovX","","","","https://peing.net/ja/qs/39963356,https://twitter.com/uadslg/status/992974427565387777/photo/1"
"992974196614381568","","","2018-05-06 03:47:51 +0000","<a href=""https://peing.net"" rel=""nofollow"">Peing</a>","æ°—å–ã£ã¦ãªã„ã‘ã©é€†ã«ã©ã“ãŒé™½ã‚­ãƒ£æ°—å–ã£ã¦ã‚‹ã‚ˆã†ã«è¦‹ãˆã‚‹ã‚“ã§ã™ã‹ 

#peing #è³ªå•ç®± https://t.co/Mvk65xjmat https://t.co/I4bpbZKzEB","","","","https://peing.net/ja/qs/39963328,https://twitter.com/uadslg/status/992974196614381568/photo/1"
"992960325547769857","","","2018-05-06 02:52:44 +0000","<a href=""http://twitter.com/download/iphone"" rel=""nofollow"">Twitter for iPhone</a>","æœèµ·ããŸã‚‰ https://t.co/k3B2zOdxZP","","","","https://twitter.com/uadslg/status/992960325547769857/photo/1,https://twitter.com/uadslg/status/992960325547769857/photo/1"
"992761868954423296","","","2018-05-05 13:44:08 +0000","<a href=""http://twitter.com/download/iphone"" rel=""nofollow"">Twitter for iPhone</a>","æ’ä¾‹ã®ãƒ„ã‚¤æ¶ˆã—ã‚¿ã‚¤ãƒ çµ‚äº†","","","",""
"992761625936515077","","","2018-05-05 13:43:10 +0000","<a href=""http://twitter.com/download/iphone"" rel=""nofollow"">Twitter for iPhone</a>","RT @uadslg: ã¯ã‚‹ã‚‚ã¨ã®è³ªå•ç®±ã§ã™ https://t.co/xnTos9x9NN #è³ªå•ç®± #peing","992060945395429378","948568430172499968","2018-05-03 15:18:55 +0000","https://peing.net/ja/uadslg?v=1?event=3,https://peing.net/ja/uadslg?v=1?event=3"
"992757172369965057","","","2018-05-05 13:25:29 +0000","<a href=""https://peing.net"" rel=""nofollow"">Peing</a>","Studyplusã®ãƒã‚¤ãƒšãƒ¼ã‚¸ã«æ›¸ã„ã¦ã‚ã‚Šã¾ã™ã®ã§ã‚ˆã‹ã£ãŸã‚‰ãã“è¦‹ã¦ãã ã•ã„
æœ€é«˜ã§ç›®æŒ‡ã›ã¦ã“ã“ã‹ãªã£ã¦ã¨ã“ãŒæ›¸ã„ã¦ã‚ã‚Šã¾ã™ 

#peing #è³ªå•ç®± https://t.co/4PYo4hmSyi https://t.co/uSfLapf02a","","","","https://peing.net/ja/qs/39836120,https://twitter.com/uadslg/status/992757172369965057/photo/1"
"992756226025910272","","","2018-05-05 13:21:43 +0000","<a href=""http://twitter.com/download/iphone"" rel=""nofollow"">Twitter for iPhone</a>","ãˆãƒ¼ã¡ã£ã•
ã‚ªãƒ¬ã¡ã£ã•","","","",""
"992753706822090752","","","2018-05-05 13:11:42 +0000","<a href=""https://peing.net"" rel=""nofollow"">Peing</a>","ãˆã€çŸ¥ã‚ŠãŸã„ãªã‚‰LINEã‹ãªã‚“ã‹ã§ç›´æ¥èã„ã¦() 

#peing #è³ªå•ç®± https://t.co/Jvx2lA35i1 https://t.co/EgPYTUX1YF","","","","https://peing.net/ja/qs/39829552,https://twitter.com/uadslg/status/992753706822090752/photo/1"
"992730988118659072","992729361856937984","3180464377","2018-05-05 11:41:26 +0000","<a href=""http://twitter.com/download/iphone"" rel=""nofollow"">Twitter for iPhone</a>","@BergFeld_81109 æ€–ã„ç¬‘
ã•ã£ãã‚‚ã„ã„ã­ã•ã‚ŒãŸç¬‘","","","",""
"992708036262182912","","","2018-05-05 10:10:14 +0000","<a href=""https://peing.net"" rel=""nofollow"">Peing</a>","ä¿ºã®å€‹æ€§ãŒå…¨å¦å®šã•ã‚ŒãŸã‚ˆã†ãªã‚‚ã®ã§ã™ã­
æ­»ã‚“ã ã‚‚åŒç„¶ã§ã™
ãªã‚“ã¨ã—ã¦ã‚‚è¦‹ã¤ã‘å‡ºã—ã¦å–ã‚Šè¿”ã—ã¾ã™
ãã‚ŒãŒç„¡ç†ãªã‚‰å‹æ‰‹ã«è²·ã„ã¾ã™

ã¨ã„ã†ã‹æ™®æ®µã®å­¦æ ¡ãŒã‚ã‚‹ç”Ÿæ´»ã§ã‚¹ãƒãƒ›æ²¡åã¨ã‹ã‚¹ãƒãƒ›ã‚’ã‚²ãƒ¼ãƒ æ©Ÿã¨ã—ã‹æ‰ãˆã¦ãªã„ã§ã—ã‚‡ 

#å¤§å–œåˆ©ç®± #Peing #è³ªå•ç®± https://t.co/S0D2UoyYjr https://t.co/qxky8lSSQP","","","","https://peing.net/ja/qs/39764621,https://twitter.com/uadslg/status/992708036262182912/photo/1"
"992704784867078145","","","2018-05-05 09:57:18 +0000","<a href=""http://twitter.com/download/iphone"" rel=""nofollow"">Twitter for iPhone</a>","ãƒ—ãƒ­ãƒ•ã‚£ãƒ¼ãƒ«ã‚’å…¬é–‹ã™ã‚‹ã¨ã¾ãšãã†ãªã®ã§å›ºå®šãƒ„ã‚¤å‚ç…§ã¨ã„ã†å½¢ã«ã™ã‚‹ã‹ã€ã€","","","",""
"992704582475177985","","","2018-05-05 09:56:30 +0000","<a href=""http://twitter.com/download/iphone"" rel=""nofollow"">Twitter for iPhone</a>","åšé«˜ 2-H ç‰©ç†åŒ–å­¦éƒ¨ éƒ¨é•· ã—ã‚…ã‚“ã½ã‚“ã®ã‚µãƒ–å¢","","","",""
"992688964904435712","992640051774349313","878945718752362496","2018-05-05 08:54:27 +0000","<a href=""http://twitter.com/download/iphone"" rel=""nofollow"">Twitter for iPhone</a>","@sakuramai0326 ãã‚Œä¿ºã¨ã‚„ã£ã¦ãŸã¨ãã®ã“ã¨ï¼Ÿ","","","",""
"992681612260212736","","","2018-05-05 08:25:14 +0000","<a href=""https://peing.net"" rel=""nofollow"">Peing</a>","YouTubeã¿ã¾ã™ã‚ˆ

YouTubeã¯å‹•ç”»ã‚¹ãƒˆãƒ¬ãƒ¼ã‚¸ã«ã‚‚ä½¿ãˆã‚‹ã®ã§ä¾¿åˆ©ã§ã™ã­ 

#peing #è³ªå•ç®± https://t.co/8Av7u0312k https://t.co/BS87xPvUXW","","","","https://peing.net/ja/qs/39705303,https://twitter.com/uadslg/status/992681612260212736/photo/1"
"992680380057600001","","","2018-05-05 08:20:20 +0000","<a href=""http://twitter.com/download/iphone"" rel=""nofollow"">Twitter for iPhone</a>","ã“ã„ã®ã¼ã‚Š https://t.co/N2NVcvUMRN","","","","https://twitter.com/uadslg/status/992680380057600001/photo/1"
"992679428219068416","","","2018-05-05 08:16:33 +0000","<a href=""http://twitter.com/download/iphone"" rel=""nofollow"">Twitter for iPhone</a>","RT @y_u_t0502: æ¥å¹´GW10é€£ä¼‘
æ¥å¹´GW10é€£ä¼‘
æ¥å¹´GW10é€£ä¼‘
æ¥å¹´GW10é€£ä¼‘
æ¥å¹´GW10é€£ä¼‘
æ¥å¹´GW10é€£ä¼‘
æ¥å¹´GW10é€£ä¼‘
æ¥å¹´GW10é€£ä¼‘
æ¥å¹´GW10é€£ä¼‘
æ¥å¹´GW10é€£ä¼‘ https://t.co/41lUB7e7km","992339825800892416","1111336514","2018-05-04 09:47:05 +0000","https://twitter.com/y_u_t0502/status/992339825800892416/video/1,https://twitter.com/y_u_t0502/status/992339825800892416/video/1"
"992679123695775746","","","2018-05-05 08:15:20 +0000","<a href=""http://twitter.com/download/iphone"" rel=""nofollow"">Twitter for iPhone</a>","æµ·è€ååºŠåå°„ã—ã¦ã¾ã£ã¶ã—ã„","","","",""
"992636271016099840","","","2018-05-05 05:25:03 +0000","<a href=""http://twitter.com/download/iphone"" rel=""nofollow"">Twitter for iPhone</a>","æµ·è€åäººå¤šã™ãã‚„ã‚","","","",""
"992620438378364928","","","2018-05-05 04:22:09 +0000","<a href=""http://twitter.com/download/iphone"" rel=""nofollow"">Twitter for iPhone</a>","ã¾ã 2æ™‚é–“ã‚‚å‹‰å¼·ã—ã¦ãªã„ã®ã«é£½ãã¦ããŸ","","","",""
"992613904428679168","","","2018-05-05 03:56:11 +0000","<a href=""http://twitter.com/download/iphone"" rel=""nofollow"">Twitter for iPhone</a>","ã•ã‚Šã’ãªãå®£ä¼ã™ã‚‹ã‚ãŸã‚Šå„ªã—ã„","","","",""
"992612324446883846","","","2018-05-05 03:49:54 +0000","<a href=""http://twitter.com/download/iphone"" rel=""nofollow"">Twitter for iPhone</a>","æ—§ãŒã‚ã£ãŸã®ã‹ https://t.co/f3fUnPLUMN","","","","https://twitter.com/uadslg/status/992612324446883846/photo/1"
"992611275296325633","","","2018-05-05 03:45:44 +0000","<a href=""http://twitter.com/download/iphone"" rel=""nofollow"">Twitter for iPhone</a>","RT @GAME_KNIVES_OUT: ã€Œè’é‡ã®å…‰ï¼ã‚¹ã‚¿ãƒ¼èª•ç”Ÿï¼ã€
5/7ã®ç”Ÿæ”¾é€ã§å¤§ç™ºè¡¨ï¼
è±ªè¯ã‚²ã‚¹ãƒˆã«ã‚ˆã‚‹ç”Ÿæ”¾é€ã‚’è¦ãƒã‚§ãƒƒã‚¯

20æ™‚é–‹å§‹
ãƒ‹ã‚³ãƒ‹ã‚³ï¼šhttps://t.co/ylmcxzsLKw
Youtubeï¼šhttps://t.co/FzGaawBghn
OPENRâ€¦","992604080244637696","811765148595535872","2018-05-05 03:17:09 +0000","http://bit.ly/2rjm0dx,http://bit.ly/2JOyJMn,http://bit.ly/2rjm0dx,http://bit.ly/2JOyJMn,http://bit.ly/2IhLrpW,https://twitter.com/GAME_KNIVES_OUT/status/992604080244637696/video/1"
"992553264720695296","","","2018-05-04 23:55:13 +0000","<a href=""http://twitter.com/download/iphone"" rel=""nofollow"">Twitter for iPhone</a>","å›½å¤ã®ãƒãƒ¼ãƒˆãªã‚“ã§ã™ãŒã€ã€
ãªãœãã“ã§ã‚„ã‚ãŸ https://t.co/qLaXFysh3h","","","","https://twitter.com/uadslg/status/992553264720695296/photo/1"
"992550742333444096","","","2018-05-04 23:45:12 +0000","<a href=""http://twitter.com/download/iphone"" rel=""nofollow"">Twitter for iPhone</a>","åšé«˜ã®çª“ã‹ã‚‰è¦‹ãˆã‚‹ç©ºç¶ºéº—ã ã‹ã‚‰æ¯æ—¥å†™çœŸã¨ã‚Šãã†ã«ãªã£ã¦ãŸ","","","",""
"992544235814510592","992544105761665024","948568430172499968","2018-05-04 23:19:21 +0000","<a href=""http://twitter.com/download/iphone"" rel=""nofollow"">Twitter for iPhone</a>","å±Šã„ãŸãƒ¡ãƒ¼ãƒ«å‹æ‰‹ã«ã¾ã¨ã‚ã¦ãã‚ŒãŸ","","","",""
"992544105761665024","","","2018-05-04 23:18:50 +0000","<a href=""http://twitter.com/download/iphone"" rel=""nofollow"">Twitter for iPhone</a>","Googleè³¢ã„ãª https://t.co/5eGfajZxHl","","","","https://twitter.com/uadslg/status/992544105761665024/photo/1"
"992543563442307072","","","2018-05-04 23:16:40 +0000","<a href=""http://twitter.com/download/iphone"" rel=""nofollow"">Twitter for iPhone</a>","ã‚³ãƒŠãƒ³15æ™‚ã‹ã‚‰ã®ã‚„ã¤äºˆç´„ã—ãŸ","","","",""
"992515088333455360","","","2018-05-04 21:23:31 +0000","<a href=""http://twitter.com/download/iphone"" rel=""nofollow"">Twitter for iPhone</a>","è‰¯ã„ã¨ã“ã ã„ãŸã„åŸ‹ã¾ã£ã¨ã‚‹ã‚„ãªã„ã‹ https://t.co/Q6WS6wQE2y","","","","https://twitter.com/uadslg/status/992515088333455360/photo/1"
"992510011459825664","","","2018-05-04 21:03:21 +0000","<a href=""http://twitter.com/download/iphone"" rel=""nofollow"">Twitter for iPhone</a>","ãªã©ã¨ãƒ„ã‚¤å»ƒã¯ä¾›è¿°ã—ã¦ãŠã‚Š... https://t.co/DUIeFfBVVt","","","","https://twitter.com/uadslg/status/992418483886419974"
"992420502093246471","","","2018-05-04 15:07:40 +0000","<a href=""http://twitter.com/download/iphone"" rel=""nofollow"">Twitter for iPhone</a>","å­¦æ ¡è¡Œã‹ãªã„ã¨å‹‰å¼·ã§ããªã•ãã†ã ã‹ã‚‰è¡Œã“ã†ã‹ãªæ˜æ—¥
ã¤ã„ã§ã«ã‚³ãƒŠãƒ³ã‚‚è¦‹ã¦ã“ã‚ˆã†","","","",""
"992419566822158336","","","2018-05-04 15:03:57 +0000","<a href=""http://twitter.com/download/iphone"" rel=""nofollow"">Twitter for iPhone</a>","Progateã«æ–‡å¥ã‚’è¨€ã£ãŸã‚‰é–¢ä¿‚è€…ã«ã„ã„ã­ã•ã‚Œã¦å°‘ã€…æ€–ã„ https://t.co/N87SWqiOKQ","","","","https://twitter.com/uadslg/status/992419566822158336/photo/1,https://twitter.com/uadslg/status/992419566822158336/photo/1"
"992418483886419974","","","2018-05-04 14:59:39 +0000","<a href=""https://peing.net"" rel=""nofollow"">Peing</a>","ï¼ˆã©ã‚“ãªå›ç­”ã‚’æœŸå¾…ã—ã¦ã‚‹ã®ã‹ã¯ã¨ã‚‚ã‹ãï¼‰
å¤§åˆ‡ãªãƒ„ãƒ¼ãƒ«ã§ã™
è¦‹ã¦ã¦æ¥½ã—ã„ã—æƒ…å ±ã‚‚æ‰‹ã«å…¥ã‚‹ã—

ä¸€å¯¾ä¸€ã§è©±ã™ã®ã‚‚è‰¯ã„ã‘ã©
ä»–ã®äººãŒè©±ã—ã¦ã‚‹ã®ã‚’è¦‹ã‚‹ã®ã‚‚å¥½ããªã‚“ã§ã™ã‚ˆ
Twitterã¯å¾Œè€…ã«è¿‘ã„ã‚‚ã®ãŒã‚ã‚‹ã¨æ€ã£ã¦ã¾ã™ 

#peing #è³ªå•ç®± https://t.co/MVchaHPnBH https://t.co/6gUMLPQRlq","","","","https://peing.net/ja/qs/39589511,https://twitter.com/uadslg/status/992418483886419974/photo/1"
"992378232312815617","","","2018-05-04 12:19:42 +0000","<a href=""https://peing.net"" rel=""nofollow"">Peing</a>","ã‚­ãƒ¬ã‚‹ã‚ˆã†ãªã“ã¨ãŒã‚ã£ãŸã‚‰ã‚­ãƒ¬ã¾ã™ 

#peing #è³ªå•ç®± https://t.co/yUpKCefmaP https://t.co/j5DTjpg3vw","","","","https://peing.net/ja/qs/39518031,https://twitter.com/uadslg/status/992378232312815617/photo/1"
"992375919149924352","","","2018-05-04 12:10:31 +0000","<a href=""https://peing.net"" rel=""nofollow"">Peing</a>","ãŠãƒ¼èª°ã ã‚ã†ãã‚“ãªã“ã¨è¨€ã£ã¦ãã‚Œã‚‹äººã¯å¬‰ã—ã„
ã¾ãŸãã®æ™‚ã«ãªã£ãŸã‚‰æ˜¯éå£°ã‹ã‘ã¦ãã ã•ã„ 

#peing #è³ªå•ç®± https://t.co/sNfSqgKXrn https://t.co/CnmWG9hfNW","","","","https://peing.net/ja/qs/39512394,https://twitter.com/uadslg/status/992375919149924352/photo/1"
"992334389555089409","","","2018-05-04 09:25:29 +0000","<a href=""http://twitter.com/download/iphone"" rel=""nofollow"">Twitter for iPhone</a>","è³ªå•ç®±ã§ã€ã‚‚ã—è³ªå•è€…ãŒèª°ã‹å‹˜ä»˜ã‹ã‚Œã¡ã‚ƒã£ãŸã¨ã—ã¦ã‚‚LINEã§ç›´æ¥èãã‚ˆã‚Šã¯èãã‚„ã™ã„ã‚ˆã­","","","",""
"992311455809597440","992309998402260993","977727024327356416","2018-05-04 07:54:21 +0000","<a href=""http://twitter.com/download/iphone"" rel=""nofollow"">Twitter for iPhone</a>","@zerusaika ç­”ãˆè¨€ã£ã¦ã‚“ã˜ã‚ƒã‚“w","","","",""
"992309714523373568","","","2018-05-04 07:47:26 +0000","<a href=""https://peing.net"" rel=""nofollow"">Peing</a>","ã‚„ã°ã„ãªã°ğŸ™†â€â™‚ï¸ 

#peing #è³ªå•ç®± https://t.co/iQSaPnxwDN https://t.co/IP7yXbIHmy","","","","https://peing.net/ja/qs/39428158,https://twitter.com/uadslg/status/992309714523373568/photo/1"
"992308135426641921","","","2018-05-04 07:41:10 +0000","<a href=""https://peing.net"" rel=""nofollow"">Peing</a>","ã‚¸ãƒ¥ãƒ¼ã‚¹ãã‚Œãªãã¦ã„ã„ã‹ã‚‰ãªã‚“ã‹ãƒ’ãƒ³ãƒˆã¡ã‚‡ãƒ¼ã ã„ 

#peing #è³ªå•ç®± https://t.co/jH2QyBdVKT https://t.co/wJdTlbPbrh","","","","https://peing.net/ja/qs/39427164,https://twitter.com/uadslg/status/992308135426641921/photo/1"
"992304750950400000","","","2018-05-04 07:27:43 +0000","<a href=""http://twitter.com/download/iphone"" rel=""nofollow"">Twitter for iPhone</a>","RT @yohsuken: GWã ã‹ã‚‰ã“ãä¸€ç”Ÿã‚’æ£’ã«ãµã‚‰ãªã„ã‚ˆã†æ°—ã‚’ã¤ã‘ã¾ã—ã‚‡ã†ã€‚ https://t.co/6g3XkidMAl","992033849877020675","64922416","2018-05-03 13:31:15 +0000","https://twitter.com/yohsuken/status/992033849877020675/photo/1,https://twitter.com/yohsuken/status/992033849877020675/photo/1"
"992294202884083713","","","2018-05-04 06:45:48 +0000","<a href=""http://twitter.com/download/iphone"" rel=""nofollow"">Twitter for iPhone</a>","ã‚ªãƒŠã‚·ãƒ£ã‚¹

ã¯ã‚‹ã‚‚ã¨ã®è³ªå•ç®±ã§ã™ https://t.co/ULwgy5xRlh #è³ªå•ç®± #peing","","","","http://peing.net/ja/uadslg"
"992255650464858112","","","2018-05-04 04:12:36 +0000","<a href=""https://peing.net"" rel=""nofollow"">Peing</a>","ğŸ‘®â€â™‚ï¸ğŸ‘®â€â™‚ï¸ğŸ‘®â€â™‚ï¸ 

#peing #è³ªå•ç®± https://t.co/v32GWwMU8k https://t.co/cg71iKpUcH","","","","https://peing.net/ja/qs/39391735,https://twitter.com/uadslg/status/992255650464858112/photo/1"
"992223707312476160","","","2018-05-04 02:05:41 +0000","<a href=""http://twitter.com/download/iphone"" rel=""nofollow"">Twitter for iPhone</a>","ã‚­ãƒ£ãƒï¼ https://t.co/ZUkA8ioNOc","","","","https://twitter.com/uadslg/status/992223707312476160/photo/1"
"992182307149692928","","","2018-05-03 23:21:10 +0000","<a href=""https://peing.net"" rel=""nofollow"">Peing</a>","ãƒ‡ãƒ‘ãƒ¼ãƒˆã§ãƒ‘ãƒ¼ãƒˆ 

#peing #è³ªå•ç®± https://t.co/3pvlS5KN0V https://t.co/zPZXYoY6pK","","","","https://peing.net/ja/qs/39311744,https://twitter.com/uadslg/status/992182307149692928/photo/1"
"992060945395429378","","","2018-05-03 15:18:55 +0000","<a href=""http://twitter.com/download/iphone"" rel=""nofollow"">Twitter for iPhone</a>","ã¯ã‚‹ã‚‚ã¨ã®è³ªå•ç®±ã§ã™ https://t.co/xnTos9x9NN #è³ªå•ç®± #peing","","","","https://peing.net/ja/uadslg?v=1?event=3"
"992057417117548545","","","2018-05-03 15:04:54 +0000","<a href=""https://peing.net"" rel=""nofollow"">Peing</a>","ãŠå°å ´è¡Œã£ãŸã“ã¨ãªã„ã‹ã‚‰ä½•ã™ã‚‹ã¨ã“ã‚ã‹ã‚‰åˆ†ã‹ã‚‰ãªã„ 

#peing #è³ªå•ç®± https://t.co/cYBBzfP1qX https://t.co/GNf7lYBZGW","","","","https://peing.net/ja/qs/39303587,https://twitter.com/uadslg/status/992057417117548545/photo/1"
"992049384417193985","","","2018-05-03 14:32:59 +0000","<a href=""https://peing.net"" rel=""nofollow"">Peing</a>","ãŸã¾ã«ã¯ãã‚“ãªæ—¥ãŒã‚ã£ã¦ã‚‚è‰¯ã„ã‚“ã˜ã‚ƒãªã„ã§ã™ã‹ã­
è¡Œå‹•ãŒä¼´ã†ã‹ã¯ç½®ã„ã¨ã„ã¦ã€ä»Šæ—¥ãªã‚“ã‚‚ã—ã¦ãªã„ã‹ã‚‰æ˜æ—¥ã¯é ‘å¼µã‚ã†ã¨ã‹æ€ãˆãŸã‚Šã—ã¾ã™ã— 

#peing #è³ªå•ç®± https://t.co/feoJg9fRGX https://t.co/LE2NdKpmDa","","","","https://peing.net/ja/qs/39288362,https://twitter.com/uadslg/status/992049384417193985/photo/1"
"992045541931474951","","","2018-05-03 14:17:43 +0000","<a href=""https://peing.net"" rel=""nofollow"">Peing</a>","ã©ã‚“ãªã¨è¨€ã‚ã‚Œã¦ã‚‚å›°ã‚‹ 

#peing #è³ªå•ç®± https://t.co/FVX706Id1c https://t.co/A2Rax7S7jk","","","","https://peing.net/ja/qs/39278949,https://twitter.com/uadslg/status/992045541931474951/photo/1"
"991945096886026240","","","2018-05-03 07:38:35 +0000","<a href=""http://twitter.com/download/iphone"" rel=""nofollow"">Twitter for iPhone</a>","ã‚³ãƒŠãƒ³è¡ŒããŸã„(nå›ç›®)","","","",""
"991934043737309185","","","2018-05-03 06:54:39 +0000","<a href=""http://twitter.com/download/iphone"" rel=""nofollow"">Twitter for iPhone</a>","å‹‰å¼·ã€ã‚²ãƒ¼ãƒ ã‹ã‚‰é€ƒã’ã‚‹ã«ã¯å‡ºã‹ã‘ã‚‹ã®ãŒè‰¯ã„ã‹ãªã","","","",""
"991914551363817472","","","2018-05-03 05:37:12 +0000","<a href=""http://twitter.com/download/iphone"" rel=""nofollow"">Twitter for iPhone</a>","ãªã‚“ã‹ä¿ºãŒæ‚ªã„ã‚ˆã†ãªæ°—ãŒã—ã¦ããŸ","","","",""
"991827046652235776","","","2018-05-02 23:49:29 +0000","<a href=""http://twitter.com/download/iphone"" rel=""nofollow"">Twitter for iPhone</a>","ä»Šæ—¥ã¯ã‚´ãƒŸã®æ—¥ã§ã™ãŒã€
ä¸­å­¦ã®ã¨ãéƒ¨å®¤ã®ã€Œã‚´ãƒŸç®±ã€ã£ã¦æ›¸ã„ã¦ã‚ã‚‹è²¼ã‚Šç´™ï¼Ÿã¿ãŸã„ãªã¨ã“ã‚ã«ã€Œ5385ã€ã£ã¦è½æ›¸ãã—ã¦éƒ¨åœã«ãƒªãƒ¼ãƒã‹ã‘ãŸã“ã¨ã‚ã‚Šã¾ã™","","","",""
"991732164919148544","","","2018-05-02 17:32:28 +0000","<a href=""http://twitter.com/download/iphone"" rel=""nofollow"">Twitter for iPhone</a>","ã‚„ã£ã±ã‚Šæ‚ªã„æ–¹ã«ã°ã£ã‹ã‚Šè€ƒãˆã¡ã‚ƒã†ãªã...","","","",""
"991715475477352448","","","2018-05-02 16:26:09 +0000","<a href=""https://peing.net"" rel=""nofollow"">Peing</a>","peingã£ã¦ã‚°ã‚°ã£ã¦è³ªå•ç®±ã®ã‚µã‚¤ãƒˆè¡Œã‘ã°Twitterã®ã‚¢ã‚«ã‚¦ãƒ³ãƒˆã§ï¼ˆã‚‚ï¼‰ç™»éŒ²ã§ãã¾ã™ã‚ˆ 

#peing #è³ªå•ç®± https://t.co/8B7Wqtze5g https://t.co/EzqFkbNYNt","","","","https://peing.net/ja/qs/39045954,https://twitter.com/uadslg/status/991715475477352448/photo/1"
"991715089098031104","991697400061308928","878945718752362496","2018-05-02 16:24:37 +0000","<a href=""http://twitter.com/download/iphone"" rel=""nofollow"">Twitter for iPhone</a>","@sakuramai0326 ã©ã†ã—ã¦ã‚‚ç”»è³ªè½ã¨ã—ãŸããªã„ãªã‚‰YouTubeã«ã‚ã’ã¦ãã®ãƒªãƒ³ã‚¯ã‚’è²¼ã‚‹ã®ãŒæ‰‹ã£å–ã‚Šæ—©ã„ã¨æ€ã†","","","",""
"991686449123676165","991683714890387457","878941663309119488","2018-05-02 14:30:48 +0000","<a href=""http://twitter.com/download/iphone"" rel=""nofollow"">Twitter for iPhone</a>","@maimai0326ikura Could you tell me who gave me this question and the question you asked me?","","","",""
"991681173129646080","","","2018-05-02 14:09:50 +0000","<a href=""http://twitter.com/download/iphone"" rel=""nofollow"">Twitter for iPhone</a>","ã“ã‚“ãªã“ã¨ã§ãã‚“ã®ã‹ï¼ https://t.co/cv6xTUVHV2","","","","https://twitter.com/uadslg/status/991681173129646080/photo/1"
"991680948612644864","","","2018-05-02 14:08:57 +0000","<a href=""http://twitter.com/download/iphone"" rel=""nofollow"">Twitter for iPhone</a>","ãªã‚“ã˜ã‚ƒãã‚Œãƒ¼ãƒ¼ï¼ï¼ https://t.co/PtD3btZe9B","","","","https://twitter.com/peing_net/status/991499572026331136"
"991680526669856769","","","2018-05-02 14:07:16 +0000","<a href=""https://peing.net"" rel=""nofollow"">Peing</a>","ã©ã£ã¡ã§ã—ã‚‡ã†ã­ 

#peing #è³ªå•ç®± https://t.co/H9S0OW0IxO https://t.co/8bXn8Ad8oH","","","","https://peing.net/ja/qs/39000658,https://twitter.com/uadslg/status/991680526669856769/photo/1"
"991680248738603009","","","2018-05-02 14:06:10 +0000","<a href=""https://peing.net"" rel=""nofollow"">Peing</a>","ä½•å›åˆ¥ã‚ŒãŸã‹ã£ã¦ã“ã¨ã§ã™ã‚ˆã­ï¼Ÿ
å¤šåˆ†1å› 

#peing #è³ªå•ç®± https://t.co/nCv6THIvKV https://t.co/b5SJ0NyK1N","","","","https://peing.net/ja/qs/38997700,https://twitter.com/uadslg/status/991680248738603009/photo/1"
"991677798887522304","","","2018-05-02 13:56:26 +0000","<a href=""https://peing.net"" rel=""nofollow"">Peing</a>","è¦šãˆã¦ãªã„ã—ã‚ˆãåˆ†ã‹ã‚‰ãªã„ 

#peing #è³ªå•ç®± https://t.co/L6ZIq5Iq3i https://t.co/xjgbxiBmqr","","","","https://peing.net/ja/qs/38986296,https://twitter.com/uadslg/status/991677798887522304/photo/1"
"991677725231398912","","","2018-05-02 13:56:08 +0000","<a href=""https://peing.net"" rel=""nofollow"">Peing</a>","ãªã„ã§ã™wæ‡ã‹ã—ã„ç¬‘ 

#peing #è³ªå•ç®± https://t.co/bwAsA87f8B https://t.co/TxN824BkjB","","","","https://peing.net/ja/qs/38983928,https://twitter.com/uadslg/status/991677725231398912/photo/1"
"991677659221409794","","","2018-05-02 13:55:53 +0000","<a href=""https://peing.net"" rel=""nofollow"">Peing</a>","æ™®é€šã ã£ãŸã¨æ€ã£ã¦ã¾ã™ 

#peing #è³ªå•ç®± https://t.co/O6RAmfJO0d https://t.co/BhGehkSRUV","","","","https://peing.net/ja/qs/38991264,https://twitter.com/uadslg/status/991677659221409794/photo/1"
"991677145217777664","","","2018-05-02 13:53:50 +0000","<a href=""http://twitter.com/download/iphone"" rel=""nofollow"">Twitter for iPhone</a>","ã“ã‚“ãªã«ã„ã„ã­ãã‚‹ã‚“ã§ã™ã­^_^ https://t.co/BS1gPtddzE","","","","https://twitter.com/uadslg/status/991662596083232768"
"991667922366971904","","","2018-05-02 13:17:11 +0000","<a href=""https://peing.net"" rel=""nofollow"">Peing</a>","ã‚ã‚‹ã‚ˆ
ã‚‚ã†ã‚ˆãè¦šãˆã¦ãªã„ã‘ã© 

#peing #è³ªå•ç®± https://t.co/iFgFSu6Iwj https://t.co/8AyQ5YJua5","","","","https://peing.net/ja/qs/38973657,https://twitter.com/uadslg/status/991667922366971904/photo/1"
"991662596083232768","","","2018-05-02 12:56:01 +0000","<a href=""https://peing.net"" rel=""nofollow"">Peing</a>","ç„¡ã„ã¨æ€ã£ã¦èã„ã¦ã‚“ã§ã—ã‚‡

ã‚ã‚‹ã‚ˆ 

#peing #è³ªå•ç®± https://t.co/1VHJets2dG https://t.co/8DD3tp6CvS","","","","https://peing.net/ja/qs/38939584,https://twitter.com/uadslg/status/991662596083232768/photo/1"
"991642263015968768","","","2018-05-02 11:35:13 +0000","<a href=""http://twitter.com/download/iphone"" rel=""nofollow"">Twitter for iPhone</a>","ãªã‚“ã˜ã‚ƒã“ã‚Œw https://t.co/VPwrvI98mj","","","","https://twitter.com/uadslg/status/991642263015968768/photo/1"
"991640470538272768","","","2018-05-02 11:28:06 +0000","<a href=""https://peing.net"" rel=""nofollow"">Peing</a>","ã—ã‚“ãŸ 

#peing #è³ªå•ç®± https://t.co/RqUBfn9A8r https://t.co/wvd7Gfxbg8","","","","https://peing.net/ja/qs/38921880,https://twitter.com/uadslg/status/991640470538272768/photo/1"
"991636467469377536","","","2018-05-02 11:12:12 +0000","<a href=""http://twitter.com/download/iphone"" rel=""nofollow"">Twitter for iPhone</a>","ãªã‚“ã‹ã‚ã£ãŸã‚‰ãã‚‰ã•ã„

ã¯ã‚‹ã‚‚ã¨ã®è³ªå•ç®±ã§ã™ https://t.co/xnTos9x9NN #è³ªå•ç®± #peing","","","","https://peing.net/ja/uadslg?v=1?event=3"
"991616910457389056","","","2018-05-02 09:54:29 +0000","<a href=""http://twitter.com/download/iphone"" rel=""nofollow"">Twitter for iPhone</a>","ç—…ã‚€æ™‚é–“å¸¯","","","",""
"991616568252551170","","","2018-05-02 09:53:07 +0000","<a href=""http://twitter.com/download/iphone"" rel=""nofollow"">Twitter for iPhone</a>","RT @syunpon217: ã©ã‚“ãªã‚²ãƒ¼ãƒ ã‚„ã‚ŠãŸã„ã§ã™ã‹ï¼Ÿ","991616288211460096","842674356421505024","2018-05-02 09:52:01 +0000",""
"991616561529085952","","","2018-05-02 09:53:06 +0000","<a href=""http://twitter.com/download/iphone"" rel=""nofollow"">Twitter for iPhone</a>","RT @syunpon217: ã„ã¾ã©ã‚“ãªã‚²ãƒ¼ãƒ ãŒã‚¢ãƒ„ã‚¤ã§ã™ã‹ï¼Ÿ","991615151349485568","842674356421505024","2018-05-02 09:47:30 +0000",""
"991591161365065728","","","2018-05-02 08:12:10 +0000","<a href=""http://twitter.com/download/iphone"" rel=""nofollow"">Twitter for iPhone</a>","è³ªå•ç®±æ™‚ã€…æ€–ã„ãª...","","","",""
"991584160497127424","","","2018-05-02 07:44:21 +0000","<a href=""https://peing.net"" rel=""nofollow"">Peing</a>","ã¡ã‚‡ã£ã¨ä½•è¨€ã£ã¦ã‚‹ã‹åˆ†ã‹ã‚‰ãªã„(ä¼Šé”)

ã¨ã„ã†ã‹ã—ã¦ãªã„ã— 

#peing #è³ªå•ç®± https://t.co/GqJZiCaPrM https://t.co/ydg5xCPjHK","","","","https://peing.net/ja/qs/38870900,https://twitter.com/uadslg/status/991584160497127424/photo/1"
"991552246172209156","","","2018-05-02 05:37:32 +0000","<a href=""http://twitter.com/download/iphone"" rel=""nofollow"">Twitter for iPhone</a>","RT @PUBGMOBILE_JP: ç´„1é€±é–“ã»ã©ã§äº‹å‰ç™»éŒ²æ•°60ä¸‡çªç ´ï¼
3åº¦ç›®ã®ãƒ‰ãƒ³å‹ã¾ã§ä½³å¢ƒã‚’è¿ãˆãŸã“ã®å ´é¢ï¼
å®¶æ—ã€å‹äººã€éš£ã®äººã‚‚ã¿ã‚“ãªã‚’ãƒ‰ãƒ³ãƒ‰ãƒ³èª˜ã£ã¦ãƒ‰ãƒ³å‹ã ï¼
ã‚ã¨æ®‹ã‚Š9999ï¼

https://t.co/SEmEnx6156
#PUBG_MOBILEäº‹å‰ç™»éŒ² hâ€¦","991541277375184896","975645273795022848","2018-05-02 04:53:57 +0000","http://pubgmobile.jp,http://pubgmobile.jp,https://twitter.com/PUBGMOBILE_JP/status/991541277375184896/photo/1"
"991440383748882432","","","2018-05-01 22:13:02 +0000","<a href=""http://twitter.com/download/iphone"" rel=""nofollow"">Twitter for iPhone</a>","ã†ã¾ã„ã¨ã¯è¨€ãˆãªã„ã‘ã©ã“ã®ã‚­ãƒ«å¥½ã https://t.co/doiOHRoqb8","","","","https://twitter.com/uadslg/status/991440383748882432/video/1"
"991430744705662977","","","2018-05-01 21:34:44 +0000","<a href=""http://twitter.com/download/iphone"" rel=""nofollow"">Twitter for iPhone</a>","é§¿å°ã«ã™ã‚‹ã‹æ²³åˆã«ã™ã‚‹ã‹ã©ã£ã¡ã«ã—ã‚ˆã†ã‹ãª...
é§¿å°ãƒ ã‚ºã‚¤ã£ã¦èã„ãŸã“ã¨ã‚ã‚‹ã‚“ã ã‘ã©æŸSå›ã«åšé«˜ç”Ÿã ã—ãã®å¿—æœ›æ ¡ãªã‚‰...ã¿ãŸã„ãªåœ§åŠ›ã‹ã‘ã‚‰ã‚Œã¾ã—ãŸã‚ˆ","","","",""
"991333302475735040","","","2018-05-01 15:07:32 +0000","<a href=""http://twitter.com/download/iphone"" rel=""nofollow"">Twitter for iPhone</a>","èª°ã‹ã®èª•ç”Ÿæ—¥ã«ãŠã‚ã§ã¨ã†ãƒ„ã‚¤ãƒ¼ãƒˆã™ã‚‹ã®æ†§ã‚Œ","","","",""
"991332782587633664","991332189345206272","892007235089424384","2018-05-01 15:05:28 +0000","<a href=""http://twitter.com/download/iphone"" rel=""nofollow"">Twitter for iPhone</a>","@muddumplingnna ã“ã‚Œã§å‡ºã¦ãã¦ãªã‚“ã ã¨ãŠã‚‚ã£ãŸã‚“ã§ã™ãŒ
ãã†ã„ã†ã“ã¨ãªã®ã‹ https://t.co/5CAAuR9VSH","","","","https://twitter.com/uadslg/status/991332782587633664/photo/1"
"991328259685019648","","","2018-05-01 14:47:29 +0000","<a href=""https://peing.net"" rel=""nofollow"">Peing</a>","ä¿ºã‚‚ãã†ã—ãŸã„ã§ã™ 

#peing #è³ªå•ç®± https://t.co/1XOuHc0kvH https://t.co/P6MMLMKpWC","","","","https://peing.net/ja/qs/38732364,https://twitter.com/uadslg/status/991328259685019648/photo/1"
"991327825020862464","","","2018-05-01 14:45:46 +0000","<a href=""http://twitter.com/download/iphone"" rel=""nofollow"">Twitter for iPhone</a>","LINEå…¥ã‚Œç›´ã—ãŸã‚“ã§ã™ãŒ
ã‚‚ã—æ—¢èª­ä»˜ã„ã¦ãªã„ã¨ã‹ã‚ã£ãŸã‚‰DMã—ã¦ãã ã•ã„","","","",""
"991288837815975937","","","2018-05-01 12:10:50 +0000","<a href=""http://twitter.com/download/iphone"" rel=""nofollow"">Twitter for iPhone</a>","åˆ¥ã«è¦ªã—ã‹ã£ãŸã‚ã‘ã˜ã‚ƒãªã„ã‘ã©ãªã‚“ã‹æœ€è¿‘é¿ã‘ã‚‰ã‚Œã¦ã‚‹ã‹ãªãƒ¼ã¿ãŸã„ãªäººãŒã„ã‚‹","","","",""
"991287439959322626","","","2018-05-01 12:05:17 +0000","<a href=""http://twitter.com/download/iphone"" rel=""nofollow"">Twitter for iPhone</a>","ã¨ã‚Šã‚ãˆãšã·ã‚Šã·ã‚Šãƒ¼ã—ã¨ã‘ã°ãªã‚“ã¨ã‹ãªã‚‹","","","",""
"991287324125343744","","","2018-05-01 12:04:49 +0000","<a href=""http://twitter.com/download/iphone"" rel=""nofollow"">Twitter for iPhone</a>","ã‚®ã‚¬ãƒ—ãƒªãƒ³ã‚¹ã‚¿ãƒ³ãƒ—æ„å‘³ã‚ã‹ã‚“ãªã„ä½¿ã„æ–¹ã—ã‚„ã™ã„ã®ã§å¥½ãã§ã™ https://t.co/m6hOfKXHlW","","","","https://twitter.com/uadslg/status/991287324125343744/photo/1"
"991286188051857408","991285542355484672","845157581182054401","2018-05-01 12:00:19 +0000","<a href=""http://twitter.com/download/iphone"" rel=""nofollow"">Twitter for iPhone</a>","@Yui_pitagoraA40 @ImaImasy_2H6 ã©ã¡ã‚‰ã‹ã¨ã„ã†ã¨ãªã‹ã˜ã¾å…ˆç”Ÿã®æ–¹ãŒå«Œã„ã¨ã„ã†ã‹é¢ç™½ããªã„ã—é ­ã‹ãŸãã†ãªã®ã§å¥½ãã˜ã‚ƒãªã„ã§ã™","","","",""
"991270707030999041","","","2018-05-01 10:58:48 +0000","<a href=""http://twitter.com/download/iphone"" rel=""nofollow"">Twitter for iPhone</a>","éµå¢ã ã‹ã‚‰ä½™è£•ã§ãƒªãƒ„ã‚¤ãƒ¼ãƒˆã«ã„ã„ã­ã§ãã‚‹ https://t.co/O3EbtBTRMl","","","","https://twitter.com/uadslg/status/991270707030999041/photo/1"
"991265473051295744","","","2018-05-01 10:38:00 +0000","<a href=""http://twitter.com/download/iphone"" rel=""nofollow"">Twitter for iPhone</a>","ãªã‚“ã BOOTHã£ã¦
ç™»éŒ²ã—ãŸè¦šãˆãªã„ã https://t.co/hISowbWtGV","","","","https://twitter.com/uadslg/status/991265473051295744/photo/1"
"991262136146972672","","","2018-05-01 10:24:44 +0000","<a href=""https://peing.net"" rel=""nofollow"">Peing</a>","æœ¬éŸ³è¨€ã†ã£ã¦ãƒ„ã‚¤ãƒ¼ãƒˆã«é–“é•ãˆã¦å¿Œã€…ã—ã„ã£ã¦æ›¸ã„ã¡ã‚ƒã£ã¦ã‚„ã£ã¡ã¾ã£ãŸã£ã¦æ„Ÿã˜ 

#peing #è³ªå•ç®± https://t.co/HIcvOJYpma https://t.co/lGJM4kovBW","","","","https://peing.net/ja/qs/38679681,https://twitter.com/uadslg/status/991262136146972672/photo/1"
"991261489859248133","","","2018-05-01 10:22:10 +0000","<a href=""https://peing.net"" rel=""nofollow"">Peing</a>","é®ã¾ã¤ã‚Šè¡Œã£ã¦ã¿ãŸã„
å»å¹´ã¯ã¿ã‚“ãªæ¥½ã—ããƒ¼ã ãªã£ã¦æ€ã„ãªãŒã‚‰Twitterã¿ã¦ãŸã‚“ã™ã‚ˆ

èª°ãŒå½¼å¥³ä½œã‚‹ã‚“ã§ã™ã‹ã‚ãªãŸã§ã™ã‹ 

#peing #è³ªå•ç®± https://t.co/bIGhsPCuBA https://t.co/cQt6fDxBFU","","","","https://peing.net/ja/qs/38679741,https://twitter.com/uadslg/status/991261489859248133/photo/1"
"991260423599996928","","","2018-05-01 10:17:56 +0000","<a href=""https://peing.net"" rel=""nofollow"">Peing</a>","å¤ªã‚‹ãƒ¼ãƒ¼ã‚ˆ 

#peing #è³ªå•ç®± https://t.co/EPnUyiS8sk https://t.co/HSxW9tjSSJ","","","","https://peing.net/ja/qs/38679553,https://twitter.com/uadslg/status/991260423599996928/photo/1"
"991260126559387650","","","2018-05-01 10:16:45 +0000","<a href=""https://peing.net"" rel=""nofollow"">Peing</a>","ãƒ¨ãƒ¼ãƒ¨ãƒ¼ 

#peing #è³ªå•ç®± https://t.co/Dy4zX89jat https://t.co/1pgVNUjmx0","","","","https://peing.net/ja/qs/38679636,https://twitter.com/uadslg/status/991260126559387650/photo/1"
"991260083576172544","","","2018-05-01 10:16:35 +0000","<a href=""https://peing.net"" rel=""nofollow"">Peing</a>","äººæ°‘ 

#peing #è³ªå•ç®± https://t.co/W9HyqbyOBC https://t.co/YPMXSSGV1w","","","","https://peing.net/ja/qs/38680590,https://twitter.com/uadslg/status/991260083576172544/photo/1"
"991258451404705799","991257966111158274","845157581182054401","2018-05-01 10:10:06 +0000","<a href=""http://twitter.com/download/iphone"" rel=""nofollow"">Twitter for iPhone</a>","@Yui_pitagoraA40 åå‰çŸ¥ã‚‰ãªã„ https://t.co/QauDYFZ1Pv","","","","https://twitter.com/uadslg/status/991258451404705799/photo/1"
"991257906073911297","","","2018-05-01 10:07:56 +0000","<a href=""http://twitter.com/download/iphone"" rel=""nofollow"">Twitter for iPhone</a>","ç–²ã‚ŒãŸã—TLè’ã‚‰ã—ã¾ãã£ã¦ã‚‹ã®ã§ä¸€æ—¦ä¼‘æ†©","","","",""
"991257599185117184","","","2018-05-01 10:06:42 +0000","<a href=""https://peing.net"" rel=""nofollow"">Peing</a>","ãã‚Œã¨ä¸­ãŒã¤ãã‚ªãƒƒã‚µãƒ³ 

#å¤§å–œåˆ©ç®± #Peing #è³ªå•ç®± https://t.co/8tphLfI8Ie https://t.co/0kt9XltAE5","","","","https://peing.net/ja/qs/38679173,https://twitter.com/uadslg/status/991257599185117184/photo/1"
"991257464644366336","","","2018-05-01 10:06:10 +0000","<a href=""https://peing.net"" rel=""nofollow"">Peing</a>","ãƒ„ã‚¤å»ƒ
ã»ã¼å…¨éƒ¨ãƒªãƒ„ã‚¤ãƒ¼ãƒˆãªã®ã«ä¸‡ã„ã£ã¦ã‚‹ã‹ã‚‰ã™ã”ã„ 

#peing #è³ªå•ç®± https://t.co/0YjnX5cdqm https://t.co/ibIC2dL67L","","","","https://peing.net/ja/qs/38679107,https://twitter.com/uadslg/status/991257464644366336/photo/1"
"991256865655865344","","","2018-05-01 10:03:48 +0000","<a href=""https://peing.net"" rel=""nofollow"">Peing</a>","ã©ã†ã‚‚ãƒ„ã‚¤å»ƒã§ã™ 

#peing #è³ªå•ç®± https://t.co/71z86VNmB6 https://t.co/AZQ6M3tOVg","","","","https://peing.net/ja/qs/38678848,https://twitter.com/uadslg/status/991256865655865344/photo/1"
"991256805597560835","","","2018-05-01 10:03:33 +0000","<a href=""https://peing.net"" rel=""nofollow"">Peing</a>","ãªã„ã§ã™ã­ 

#peing #è³ªå•ç®± https://t.co/0gvsTVbmrG https://t.co/raVN7jeaAD","","","","https://peing.net/ja/qs/38678714,https://twitter.com/uadslg/status/991256805597560835/photo/1"
"991256763277033473","","","2018-05-01 10:03:23 +0000","<a href=""https://peing.net"" rel=""nofollow"">Peing</a>","FFå†…ã®äººã®ã ã‚Œã‹
åŒã˜ã‚¯ãƒ©ã‚¹ã ã£ãŸã‚Šã™ã‚‹ï¼Ÿ 

#peing #è³ªå•ç®± https://t.co/dLh9Wxl8Cx https://t.co/KUzrIW1Sk4","","","","https://peing.net/ja/qs/38678063,https://twitter.com/uadslg/status/991256763277033473/photo/1"
"991256493197475841","","","2018-05-01 10:02:19 +0000","<a href=""https://peing.net"" rel=""nofollow"">Peing</a>","ãªã„ã‘ã©ã©ã†ã—ã‚ˆã†ã‹ã¨è€ƒãˆå§‹ã‚ã¦ã‚‹
ã‚ªã‚¹ã‚¹ãƒ¡ã®å¡¾ã‚ã£ãŸã‚‰æ•™ãˆã¦ 

#peing #è³ªå•ç®± https://t.co/txG3hiVYXx https://t.co/39gEQ7hPE2","","","","https://peing.net/ja/qs/38678447,https://twitter.com/uadslg/status/991256493197475841/photo/1"
"991256385370243072","","","2018-05-01 10:01:53 +0000","<a href=""https://peing.net"" rel=""nofollow"">Peing</a>","åˆ¥ã®äººè¦‹ã¤ã‘ãŸã‚‰å¿˜ã‚Œã‚‹ã‚“ã˜ã‚ƒãªã„ã§ã™ã‹ï¼Ÿ

ãã‚Œã‹å¿˜ã‚Œãªãã¦ã‚‚ã„ã„ã‹ã‚‚ã—ã‚Œãªã„ã§ã™ã­ 

#peing #è³ªå•ç®± https://t.co/adV6a3gxQE https://t.co/rLqN508ohU","","","","https://peing.net/ja/qs/38677427,https://twitter.com/uadslg/status/991256385370243072/photo/1"
"991255784339136512","","","2018-05-01 09:59:30 +0000","<a href=""https://peing.net"" rel=""nofollow"">Peing</a>","è…¹ã‚“ä¸­ãŒãƒ‘ãƒ³ãƒ‘ãƒ³ãªã‚“ã˜ã‚ƒãªã„ã§ã™ã‹ã­(é©å½“)(å•é¡Œç™ºè¨€) 

#å¤§å–œåˆ©ç®± #Peing #è³ªå•ç®± https://t.co/mOaeAWpwgy https://t.co/RxxCdyWBoo","","","","https://peing.net/ja/qs/38673527,https://twitter.com/uadslg/status/991255784339136512/photo/1"
"991255555032281091","","","2018-05-01 09:58:35 +0000","<a href=""https://peing.net"" rel=""nofollow"">Peing</a>","ã‚¯ãƒ­ã¡ã‚ƒã‚“ã¨ä¸­ãŒã¤ãã‚ªãƒƒã‚µãƒ³ 

#peing #è³ªå•ç®± https://t.co/I2Bx5JZpDh https://t.co/4mXBYiPmVG","","","","https://peing.net/ja/qs/38672507,https://twitter.com/uadslg/status/991255555032281091/photo/1"
"991255478209425408","","","2018-05-01 09:58:17 +0000","<a href=""https://peing.net"" rel=""nofollow"">Peing</a>","ãã‚Œè¨€ã£ã¦ã‚‹äººå¤§æŠµç—©ã›ã‚‹å¿…è¦ãªã„ã§ã™ 

#peing #è³ªå•ç®± https://t.co/C7QijjQota https://t.co/DUahyYJ4qJ","","","","https://peing.net/ja/qs/38672141,https://twitter.com/uadslg/status/991255478209425408/photo/1"
"991255368167702528","","","2018-05-01 09:57:51 +0000","<a href=""https://peing.net"" rel=""nofollow"">Peing</a>","ãƒ¤ãƒã‚¤ã§ã™ã­
ã¾ããã®æ°—æŒã¡ã¯ã©ã†ã—ã‚ˆã†ã‚‚ãªã„ã¨æ€ã†ã®ã§å†·ã‚ã‚‹ã¾ã§å¾…ã¡ã¾ã—ã‚‡ã†
ãã®ã†ã¡å¿˜ã‚Œã¾ã™
æ™‚é–“ãŒè§£æ±ºã—ã¾ã™ 

#peing #è³ªå•ç®± https://t.co/8HN4Sy32LK https://t.co/bYOha6r2Eb","","","","https://peing.net/ja/qs/38672379,https://twitter.com/uadslg/status/991255368167702528/photo/1"
"991254860656869377","","","2018-05-01 09:55:50 +0000","<a href=""https://peing.net"" rel=""nofollow"">Peing</a>","å…¨ç„¶ã‚­ãƒ¥ãƒ³ã‚­ãƒ¥ãƒ³ã—ã¦ãªã„ã§ã™ 

#peing #è³ªå•ç®± https://t.co/kHUUvSr16Y https://t.co/UDaXXXhovB","","","","https://peing.net/ja/qs/38672201,https://twitter.com/uadslg/status/991254860656869377/photo/1"
"991254583006478336","","","2018-05-01 09:54:43 +0000","<a href=""https://peing.net"" rel=""nofollow"">Peing</a>","ä¿ºã‚‚çŸ¥ã‚ŠãŸã„ 

#å¤§å–œåˆ©ç®± #Peing #è³ªå•ç®± https://t.co/NWyXu23fUh https://t.co/6gj1KGHA03","","","","https://peing.net/ja/qs/38673053,https://twitter.com/uadslg/status/991254583006478336/photo/1"
"991254502756859905","","","2018-05-01 09:54:24 +0000","<a href=""https://peing.net"" rel=""nofollow"">Peing</a>","ä½•è¨€ã£ã¦ã‚“ã®ã“ã„ã¤wwã£ã¦ç¬‘ã‚ã‚Œã¦ã‚“ã®ã«ã‚¦ã‚±ãŸã¨æ€ã£ã¦æº€è¶³ã’ã«ç¬‘ã£ã¦ã‚‹ãŠã‚‚ã—ã‚ã„äººã§ã™ 

#å¤§å–œåˆ©ç®± #Peing #è³ªå•ç®± https://t.co/kHbpwAlksP https://t.co/YV0z7pxE4U","","","","https://peing.net/ja/qs/38672433,https://twitter.com/uadslg/status/991254502756859905/photo/1"
"991253876857749504","","","2018-05-01 09:51:55 +0000","<a href=""https://peing.net"" rel=""nofollow"">Peing</a>","ã¾ããã†ã§ã™ 

#peing #è³ªå•ç®± https://t.co/5M2fcateIP https://t.co/6DB6klaCFI","","","","https://peing.net/ja/qs/38672085,https://twitter.com/uadslg/status/991253876857749504/photo/1"
"991249410397896705","","","2018-05-01 09:34:10 +0000","<a href=""http://twitter.com/download/iphone"" rel=""nofollow"">Twitter for iPhone</a>","è³ªå•ãã ã•ã‚
åŒ¿åã ã‹ã‚‰èã‘ã‚‹ã“ã¨ã‚‚ã‚ã‚‹ã§ã—ã‚‡ã†ã—

ã¯ã‚‹ã‚‚ã¨ã®è³ªå•ç®±ã§ã™ https://t.co/xnTos9x9NN #è³ªå•ç®± #peing","","","","https://peing.net/ja/uadslg?v=1?event=3"
"991248800466399232","","","2018-05-01 09:31:45 +0000","<a href=""http://twitter.com/download/iphone"" rel=""nofollow"">Twitter for iPhone</a>","é§…ã§ãƒ‰ãƒ¼ãƒŠãƒ„ğŸ©è²·ã†ã¨å¿ƒã«èª“ã£ãŸ","","","",""
"991241198890237952","991241096880537601","948568430172499968","2018-05-01 09:01:32 +0000","<a href=""http://twitter.com/download/iphone"" rel=""nofollow"">Twitter for iPhone</a>","ã¡ã‚‡ã£ã¨å¾…ã£ãŸ
é½‹è—¤é£›é³¥ã‚„ã‚“ã‘","","","",""
"991241096880537601","","","2018-05-01 09:01:08 +0000","<a href=""http://twitter.com/download/iphone"" rel=""nofollow"">Twitter for iPhone</a>","æœ€å„ªç§€è³ã‚«ãƒƒã‚³ãˆãˆ https://t.co/tiFggpYdRZ","","","","https://twitter.com/bozu_108/status/991240217859248128"
"991240997920124928","","","2018-05-01 09:00:44 +0000","<a href=""http://twitter.com/download/iphone"" rel=""nofollow"">Twitter for iPhone</a>","é«˜æœ¨ãŒè¨€ã£ã¦ãŸã‚„ã¤è¦‹ã¦ããŸï¼ https://t.co/8SrRD4rs6r","","","","https://twitter.com/uadslg/status/991240997920124928/photo/1,https://twitter.com/uadslg/status/991240997920124928/photo/1,https://twitter.com/uadslg/status/991240997920124928/photo/1"
"991238818706604033","","","2018-05-01 08:52:05 +0000","<a href=""https://peing.net"" rel=""nofollow"">Peing</a>","ãã‚“ãªã«ãƒªã‚¢å……ã„ã‚“ã®ã‹ã€ã€ 

#peing #è³ªå•ç®± https://t.co/EoaYO2cdC2 https://t.co/3EHZQoj8ci","","","","https://peing.net/ja/qs/38662715,https://twitter.com/uadslg/status/991238818706604033/photo/1"
"991141010372612096","","","2018-05-01 02:23:26 +0000","<a href=""http://twitter.com/download/iphone"" rel=""nofollow"">Twitter for iPhone</a>","ãƒ´ã‚§ãƒªã‚¿ã‚¹ã®ã‚ã®å…ˆç”ŸãŸã¡å«Œã„ãªã‚“ã ãŒ","","","",""
"991061737704116224","","","2018-04-30 21:08:25 +0000","<a href=""http://twitter.com/download/iphone"" rel=""nofollow"">Twitter for iPhone</a>","ã‚„ã£ã±ã‚Šé€šçŸ¥è¨±å¯ã™ã‚‹ã‚²ãƒ¼ãƒ ã¯é¸ã°ãªã„ã¨ã„ã‘ãªã„ãª https://t.co/8JnuSz4FCo","","","","https://twitter.com/uadslg/status/991061737704116224/photo/1"
"990971448889040896","","","2018-04-30 15:09:39 +0000","<a href=""http://twitter.com/download/iphone"" rel=""nofollow"">Twitter for iPhone</a>","ã‚³ãƒŠãƒ³è¦‹ã«è¡ŒããŸã„ãª
ã¾ã è¦‹ã¦ãªã‹ã£ãŸã®ã‹ã‚ˆã£ã¦æ„Ÿã˜ã ã‘ã©ä»Šåº¦ã®é€£ä¼‘ã§è¡Œã“ãƒ¼ã‹ãª","","","",""
"990966423261343744","","","2018-04-30 14:49:41 +0000","<a href=""http://twitter.com/download/iphone"" rel=""nofollow"">Twitter for iPhone</a>","ã¾ã•ã‹ã“ã†ãªã£ã¦ã‚‹ã¨ã¯å»å¹´ã®ä¿ºã«ã¯æƒ³åƒã§ããªã‹ã£ãŸã ã‚ã†","","","",""
"990962900108890114","","","2018-04-30 14:35:41 +0000","<a href=""http://twitter.com/download/iphone"" rel=""nofollow"">Twitter for iPhone</a>","ã„ã„ã®è¦‹ã¤ã‘ãŸ https://t.co/NYvtymJ5Dm","","","","https://twitter.com/uadslg/status/990962900108890114/photo/1"
"990954408123908096","","","2018-04-30 14:01:56 +0000","<a href=""http://twitter.com/download/iphone"" rel=""nofollow"">Twitter for iPhone</a>","ã‚­ãƒ«é›†ã®ã‚ªãƒ¼ãƒ—ãƒ‹ãƒ³ã‚°ã¨ã‹ã«ã¿ã‚“ãªåŒã˜ã‚ˆã†ãªã®ä½¿ã£ã¦ã‚“ãªãƒ¼ã¨æ€ã£ãŸã‚‰ã“ã†ã‚„ã‚‹ã®ã‹

TOP 10 Blender Intro Template #57 + Free Download https://t.co/fMZ9bs9dIi @YouTubeã‚ˆã‚Š","","","","https://youtu.be/0lK8QQHUIpY"
"990931011016916992","","","2018-04-30 12:28:58 +0000","<a href=""http://twitter.com/download/iphone"" rel=""nofollow"">Twitter for iPhone</a>","ãŸã—ã‹ã«å»å¹´ãƒšã‚¢ãƒ€ãƒ³ã‚„ã£ã¦ãªãã¦ä»Šå¹´ãŒåˆãªã®ã§ã©ã‚“ãªã‚‚ã®ã‹åˆ†ã‹ã‚‰ãªã„ã¨ã„ã†ä¸å®‰ã¯å°‘ã€…ã‚ã‚‹
ã‚ã¨è‡ªåˆ†ã®èº«ä½“èƒ½åŠ›çš„ãªå•é¡Œã‚‚","","","",""
"990889811253739521","","","2018-04-30 09:45:15 +0000","<a href=""http://twitter.com/download/iphone"" rel=""nofollow"">Twitter for iPhone</a>","ãƒãƒ£ãƒ¼ãƒˆç‰‡æ‰‹ã«ã„ã¤ã®ã¾ã«ã‹çœ ã£ã¦ã„ãŸç§ã€

ç›®ãŒè¦šã‚ãŸã‚‰

ã‚ãŸã‚ŠãŒæš—ããªã£ã¦ã„ãŸ","","","",""
"990842468445798400","","","2018-04-30 06:37:08 +0000","<a href=""http://twitter.com/download/iphone"" rel=""nofollow"">Twitter for iPhone</a>","ä»Šæ—¥é¼»æ°´ã‚ã£ã¡ã‚ƒå‡ºã‚‹","","","",""
"990836582864203776","","","2018-04-30 06:13:44 +0000","<a href=""http://twitter.com/download/iphone"" rel=""nofollow"">Twitter for iPhone</a>","ãªã‚“ã§ã“ã„ã¤ãƒ‘ã‚¯ãƒ„ã‚¤ã°ã£ã‹ã—ã¦ã‚“ã®ï¼Ÿ
ãã—ã¦ãªã‚“ã§ãã‚“ãªã«ãƒã‚ºã£ã¦ã‚“ã®ï¼Ÿ https://t.co/8q3JHg33Fy","","","","https://twitter.com/yamadatakauki_/status/990142887928127490"
"990783846227439616","","","2018-04-30 02:44:11 +0000","<a href=""http://twitter.com/download/iphone"" rel=""nofollow"">Twitter for iPhone</a>","ä½•ã“ã‚Œ https://t.co/4cst6VYhs1 https://t.co/kRlLlQoh9p","","","","https://instagram.com/syunpon217?r=nametag,https://twitter.com/uadslg/status/990783846227439616/photo/1"
"990780818669748224","","","2018-04-30 02:32:09 +0000","<a href=""http://twitter.com/download/iphone"" rel=""nofollow"">Twitter for iPhone</a>","ãƒ´ã‚§ãƒªã‚¿ã‚¹ã¾ã˜ã¦ä½•ã—ã‚ˆ...","","","",""
"990762695157694465","","","2018-04-30 01:20:08 +0000","<a href=""http://twitter.com/download/iphone"" rel=""nofollow"">Twitter for iPhone</a>","RT @lazy_math: ã“ã„ã¤ã‚¤ã‚¿ãƒªã‚¢è¡Œã£ã¦ã¸ã‚“ã‚„ã‚“
Fãƒ©ãƒ³ã¯æ•™å“¡ã¾ã§é ­Fãªã‚“ã‹ï¼Ÿï¼Ÿï¼Ÿ(ãƒã‚¸ãƒ¬ã‚¹ https://t.co/OSl3THr4Vj","990228420687638528","814482107284062208","2018-04-28 13:57:07 +0000","https://twitter.com/lazy_math/status/990228420687638528/photo/1,https://twitter.com/lazy_math/status/990228420687638528/photo/1"
"990733286174412800","","","2018-04-29 23:23:17 +0000","<a href=""http://twitter.com/download/iphone"" rel=""nofollow"">Twitter for iPhone</a>","RT @FodaseEuSouALei: https://t.co/ue3CNzaIIb","990050841116794882","809135978837409792","2018-04-28 02:11:29 +0000","https://twitter.com/FodaseEuSouALei/status/990050841116794882/video/1,https://twitter.com/FodaseEuSouALei/status/990050841116794882/video/1"
"990609821534572544","","","2018-04-29 15:12:40 +0000","<a href=""http://twitter.com/download/iphone"" rel=""nofollow"">Twitter for iPhone</a>","ç™½é€£ã§ã™ãŒé«ªã©ã†ã™ã‚Œã°ã„ã„ã§ã™ã‹
ç™½ã„æ°´æ³³å¸½è¢«ã‚Œã°ã„ã„ã§ã™ã‹ï¼Ÿ","","","",""
"990604782854258688","","","2018-04-29 14:52:39 +0000","<a href=""http://twitter.com/download/iphone"" rel=""nofollow"">Twitter for iPhone</a>","æ°—ã¥ã„ãŸã‚‰ã‚´ãƒ¼ãƒ«ãƒ‡ãƒ³ã‚¦ã‚£ãƒ¼ã‚¯åŠã°ã‚„ã‚“ã‘
ã‚³ãƒŠãƒ³ã¿ã«ã„ã‹ãª(ä½¿å‘½æ„Ÿ)","","","",""
"990600351144292352","","","2018-04-29 14:35:02 +0000","<a href=""https://peing.net"" rel=""nofollow"">Peing</a>","ä¿ºã®å½¼å¥³ã§ã„ã¦ãã‚Œã‚‹ã“ã¨

ã¨ã„ã†ã‹ã„ã¤ã‹ã‚‰ãƒ›ãƒ¢æ‰±ã„ã•ã‚Œã‚‹ã‚ˆã†ã«ãªã£ãŸã‚“ã§ã™ã‹ã­ 

#peing #è³ªå•ç®± https://t.co/k0Q1LW6BSa https://t.co/tWG9Bqwrm0","","","","https://peing.net/ja/qs/38285342,https://twitter.com/uadslg/status/990600351144292352/photo/1"
"990599293844123651","","","2018-04-29 14:30:50 +0000","<a href=""https://peing.net"" rel=""nofollow"">Peing</a>","æ¬²ã—ã„ãªã‚“ã¦ã„ã£ãŸè¦šãˆã‚‚ã‚ã‚Šã¾ã›ã‚“ï¼ˆã„ã‚‰ãªã„ã¨ã‚‚è¨€ã£ã¦ãªã„ï¼‰ãŒãƒãƒ³ã‚±ã§ã™ã®ã§ 

#peing #è³ªå•ç®± https://t.co/enOisgdQAU https://t.co/8soiFdU9zK","","","","https://peing.net/ja/qs/38146871,https://twitter.com/uadslg/status/990599293844123651/photo/1"
"990599002419691520","","","2018-04-29 14:29:41 +0000","<a href=""http://twitter.com/download/iphone"" rel=""nofollow"">Twitter for iPhone</a>","ãªã‚“ã‹è³‘ã‚ã£ã¦ã‚‹ã®ã§ä¾¿ä¹—

ã¯ã‚‹ã‚‚ã¨ã®è³ªå•ç®±ã§ã™ https://t.co/xnTos9x9NN #è³ªå•ç®± #peing","","","","https://peing.net/ja/uadslg?v=1?event=3"
"990572985336528896","990569700991029249","878945718752362496","2018-04-29 12:46:18 +0000","<a href=""http://twitter.com/download/iphone"" rel=""nofollow"">Twitter for iPhone</a>","@sakuramai0326 ä½¿ã„ã‚„ã™ã„ã—ã€

å‹•ç”»ã®ãƒˆãƒªãƒŸãƒ³ã‚°ã€çµåˆã€æ–‡å­—å…¥ã‚Œã€éŸ³ä»˜ã‘ã€æ—©é€ã‚Šã€ã‚¹ãƒ­ãƒ¼ãƒ¢ãƒ¼ã‚·ãƒ§ãƒ³ç­‰ã€…å¤§æŠµã®ã“ã¨ã¯ã§ããŸã¯ãš","","","",""
"990555450113380353","990552608153550853","878945718752362496","2018-04-29 11:36:37 +0000","<a href=""http://twitter.com/download/iphone"" rel=""nofollow"">Twitter for iPhone</a>","@sakuramai0326 ãƒ—ãƒªã‚¤ãƒ³ã‚¹ãƒˆãƒ¼ãƒ«ã®iMovie","","","",""
"990555318894477312","","","2018-04-29 11:36:06 +0000","<a href=""http://twitter.com/download/iphone"" rel=""nofollow"">Twitter for iPhone</a>","https://t.co/QBoYWd7BrX","","","","https://youtu.be/Ro5mRcIXT50"
"990515297378484224","","","2018-04-29 08:57:04 +0000","<a href=""http://twitter.com/download/iphone"" rel=""nofollow"">Twitter for iPhone</a>","ä½“è‚²ç¥­ãƒã‚¸ãƒƒã‚¯ã§ã™ãŒã€
ã‚€ã—ã‚é€†ã®ã“ã¨ãŒèµ·ã“ã‚‹ã“ã¨ã‚‚ã‚ã‚‹ãã†ãªã®ã§ã”æ³¨æ„ãã ã•ã„","","","",""
"990511945622044672","","","2018-04-29 08:43:45 +0000","<a href=""http://twitter.com/download/iphone"" rel=""nofollow"">Twitter for iPhone</a>","ä¹…ã—ã¶ã‚Šã«ãƒ‹ãƒ¼ãƒ‰ãƒ•ã‚©ãƒ¼ã‚¹ãƒ”ãƒ¼ãƒ‰Originã‹ã‚‰è½ã¨ã—ãŸã®ã§ãƒ©ãƒ³ãƒœãƒ«ã‚®ãƒ¼ãƒ‹ã§çˆ†èµ°ã—ã‚ˆã†","","","",""
"990493073678336001","990488415417221122","878941663309119488","2018-04-29 07:28:45 +0000","<a href=""http://twitter.com/download/iphone"" rel=""nofollow"">Twitter for iPhone</a>","@maimai0326ikura @HbULI7KjeA94Q3d PUBGãŒå‡ºã¦ã‹ã‚‰ãã®å…ˆè’é‡ãŒç”Ÿãç¶šã‘ã‚‰ã‚Œã‚‹ã‹ã©ã†ã‹æ€ªã—ã„ã‚ˆã­","","","",""
"990492620894846977","990488917303422977","878941663309119488","2018-04-29 07:26:57 +0000","<a href=""http://twitter.com/download/iphone"" rel=""nofollow"">Twitter for iPhone</a>","@maimai0326ikura ä»Šæ—¥ã¯ã„ã¤ã‚‚ã‚ˆã‚Šèª¿å­è‰¯ã‹ã£ãŸã‹ã‚‰æ•°ãˆãŸ

ã¿ã‚“ãªã‚ãŒã‚‹ã ã‚ã†ã‹ã‚‰ä¿ºã¯ç›¸å¯¾çš„ã«ä½ã„ã¾ã¾ã w https://t.co/syh9fb7k5c","","","","https://twitter.com/uadslg/status/990492620894846977/photo/1,https://twitter.com/uadslg/status/990492620894846977/photo/1"
"990483020569194497","","","2018-04-29 06:48:49 +0000","<a href=""http://twitter.com/download/iphone"" rel=""nofollow"">Twitter for iPhone</a>","è‹±èªã¨ã‹ç„¡ç†ã ã‹ã‚‰()","","","",""
"990482643295780864","","","2018-04-29 06:47:19 +0000","<a href=""http://twitter.com/download/iphone"" rel=""nofollow"">Twitter for iPhone</a>","YARIMASHITANE!

Today   21 kills/8 matches https://t.co/3GC6M7o6Ef","","","","https://twitter.com/uadslg/status/990482643295780864/photo/1"
"990465445000966144","","","2018-04-29 05:38:58 +0000","<a href=""http://twitter.com/download/iphone"" rel=""nofollow"">Twitter for iPhone</a>","éŸ³æ¥½ã‹ã‘ã£ã±ã§å¯ã¦ãŸ","","","",""
"990442632965844992","","","2018-04-29 04:08:19 +0000","<a href=""http://twitter.com/download/iphone"" rel=""nofollow"">Twitter for iPhone</a>","ã—ã°ã‚‰ããªã‚‹ã¹ãè‹±èªã§ãƒ„ã‚¤ãƒ¼ãƒˆã—ã¾ã™","","","",""
"990433970104950784","","","2018-04-29 03:33:54 +0000","<a href=""http://twitter.com/download/iphone"" rel=""nofollow"">Twitter for iPhone</a>","PUBGã”ã£ã“æ¥½ã—ã„ãªã
ã‚½ãƒ­ã ã¨ãƒãƒ¼ãƒ çµ„ã‚“ã æ™‚ã‚ˆã‚Šå¤šãã‚­ãƒ«ã§ãã‚‹ https://t.co/ApLtQsOoCU","","","","https://twitter.com/uadslg/status/990433970104950784/photo/1"
"990422388599738368","","","2018-04-29 02:47:53 +0000","<a href=""http://twitter.com/download/iphone"" rel=""nofollow"">Twitter for iPhone</a>","ãã®äººã¨ã®è·é›¢æ„ŸãŒã‚ã‹ã‚‰ãªã„ã¨ã©ã†æ¥ã™ã‚‹ã¹ããªã®ã‹åˆ†ã‹ã‚‰ãªããªã£ã¦ã€ã ã‹ã‚‰ã£ã¦ä¿ºã®ã“ã¨ã©ã†æ€ã£ã¦ã‚‹ï¼Ÿã¨èãã‚ã‘ã«ã‚‚ã„ã‹ãªã„ã®ã§çµå±€ã‚³ãƒŸãƒ¥éšœç™ºå‹•ã›ã–ã‚‹ã‚’å¾—ãªã„","","","",""
"990419298861527040","","","2018-04-29 02:35:36 +0000","<a href=""https://peing.net"" rel=""nofollow"">Peing</a>","ãŠã¿ã”ã¨ğŸ‘ğŸ‘ 

#peing #è³ªå•ç®± https://t.co/eE6p3fXFA4 https://t.co/PbvrF3wI84","","","","https://peing.net/ja/qs/38094716,https://twitter.com/uadslg/status/990419298861527040/photo/1"
"990394091681726464","","","2018-04-29 00:55:26 +0000","<a href=""http://twitter.com/download/iphone"" rel=""nofollow"">Twitter for iPhone</a>","RT @uadslg: ã‚«ãƒ¢ãƒ³

ã¯ã‚‹ã‚‚ã¨ã®è³ªå•ç®±ã§ã™ https://t.co/xnTos9x9NN #è³ªå•ç®± #peing","990239725909782528","948568430172499968","2018-04-28 14:42:03 +0000","https://peing.net/ja/uadslg?v=1?event=3,https://peing.net/ja/uadslg?v=1?event=3"
"990394031921291264","","","2018-04-29 00:55:12 +0000","<a href=""http://twitter.com/download/iphone"" rel=""nofollow"">Twitter for iPhone</a>","æ¨¡è©¦ã‚‚ãƒ¼ã—ã“ã‚€ã‹
ä»Šå›ã¯é§¿å°ã—ã‹ãªã„ã®ã‹ãªï¼Ÿ","","","",""
"990354172758212608","","","2018-04-28 22:16:49 +0000","<a href=""http://twitter.com/download/iphone"" rel=""nofollow"">Twitter for iPhone</a>","æ—§ãƒãƒƒãƒ—ã®æ–¹ãŒå¥½ãã‹ã‚‚","","","",""
"990251607190261760","","","2018-04-28 15:29:15 +0000","<a href=""http://twitter.com/download/iphone"" rel=""nofollow"">Twitter for iPhone</a>","ãƒ›ãƒ¢ã˜ã‚ƒãªã„ã®ã§éˆ´æœ¨å›ã¨ã§ã¯ãªã„ã‘ã‚Œã©å¹¸ã›ã«ãªã‚ŒãŸã‚‰ã„ã„ã§ã™ã­ã‡...","","","",""
"990239725909782528","","","2018-04-28 14:42:03 +0000","<a href=""http://twitter.com/download/iphone"" rel=""nofollow"">Twitter for iPhone</a>","ã‚«ãƒ¢ãƒ³

ã¯ã‚‹ã‚‚ã¨ã®è³ªå•ç®±ã§ã™ https://t.co/xnTos9x9NN #è³ªå•ç®± #peing","","","","https://peing.net/ja/uadslg?v=1?event=3"
"990238502733332481","","","2018-04-28 14:37:11 +0000","<a href=""http://twitter.com/download/iphone"" rel=""nofollow"">Twitter for iPhone</a>","çµå±€ä¸€è¨€è¨€ã†ã‚„ã¤å¢å¤‰ãˆãŸã‚Šãƒ„ã‚¤æ¶ˆã—ç­‰ã€…ã§ã‚ˆãã‚ã‹ã‚‰ãªããªã£ã¡ã‚ƒã£ãŸã®ã§é€”ä¸­ã ã‘ã©ã‚„ã‚ã¡ã‚ƒã„ã¾ã—ãŸğŸ™‡ğŸ»â€â™‚ï¸","","","",""
"990201565922263040","","","2018-04-28 12:10:25 +0000","<a href=""http://twitter.com/download/iphone"" rel=""nofollow"">Twitter for iPhone</a>","RT @mipourako: å²¡å±±ã®ãƒã‚¹ã®ã‚¹ãƒˆãƒ©ã‚¤ã‚­ã¯ã€ãŠå®¢æ§˜ã‹ã‚‰æ–™é‡‘ã‚’å¾´åã—ãªã„ã§ã€çµŒå–¶å´ã®ã¿ã«å½±éŸ¿ã‚’ä¸ãˆã‚‹ã¨ã„ã†ç´ æ™´ã‚‰ã—ã„ã‚¹ãƒˆã§ã™ã€‚#ã‚¹ãƒˆãƒ©ã‚¤ã‚­ https://t.co/3vAnSkPYRb","989433198382743552","2838680612","2018-04-26 09:17:11 +0000","https://twitter.com/mipourako/status/989433198382743552/photo/1,https://twitter.com/mipourako/status/989433198382743552/photo/1,https://twitter.com/mipourako/status/989433198382743552/photo/1,https://twitter.com/mipourako/status/989433198382743552/photo/1"
"990076646915948544","","","2018-04-28 03:54:02 +0000","<a href=""http://twitter.com/download/iphone"" rel=""nofollow"">Twitter for iPhone</a>","ã“ã®äººé‡‘æ­£æ©ã«ä¼¼ã¦ã‚‹ã­ https://t.co/VPzzAHVL8y","","","","https://twitter.com/maruru_h/status/989855254840688640"
"989999273105276928","","","2018-04-27 22:46:34 +0000","<a href=""http://twitter.com/download/iphone"" rel=""nofollow"">Twitter for iPhone</a>","ã‚‚ã—ã‹ã—ã¦ : ç­‹è‚‰ç—›","","","",""
"989883968035028993","","","2018-04-27 15:08:23 +0000","<a href=""http://twitter.com/download/iphone"" rel=""nofollow"">Twitter for iPhone</a>","ã“ã„ã¤ãƒã‚¸ã§ã—ã¤ã‘ã‡ã‚“ã ã‘ã©
æ­»ã­ã‚„ https://t.co/i2ygDuBWf6","","","","https://twitter.com/uadslg/status/989883968035028993/photo/1"
"989798362772783104","","","2018-04-27 09:28:13 +0000","<a href=""http://twitter.com/download/iphone"" rel=""nofollow"">Twitter for iPhone</a>","ãã‚Œã‚’ç‹™ã£ã¦ã‚„ã‚‹ã‚„ã¤ã¯ã„ã¦ã‚‚ãŠã‹ã—ããªã„ã‚ˆã­ https://t.co/sI4UIcLvdz","","","","https://twitter.com/aftamc/status/989474776681869312"
"989744299133751296","","","2018-04-27 05:53:24 +0000","<a href=""http://twitter.com/download/iphone"" rel=""nofollow"">Twitter for iPhone</a>","é¿é›£è¨“ç·´ã§ã‚‚ã—ã£ã‹ã‚Šå‘Ÿããƒ„ã‚¤å»ƒã®é‘‘ https://t.co/jsZpIjiCvK","","","","https://twitter.com/uadslg/status/989741786015809536"
"989741786015809536","","","2018-04-27 05:43:24 +0000","<a href=""http://twitter.com/download/iphone"" rel=""nofollow"">Twitter for iPhone</a>","åœ°éœ‡ï¼","","","",""
"989528334789849088","","","2018-04-26 15:35:14 +0000","<a href=""http://twitter.com/download/iphone"" rel=""nofollow"">Twitter for iPhone</a>","æ˜æ—¥æˆæ¥­ãŒãªã„ã‹ã‚‰ã£ã¦ã“ã‚“ãªæ™‚é–“ã¾ã§èµ·ãã¦ã¦ã—ã‚‚ãŸ https://t.co/MG0IgzLSx7","","","","https://twitter.com/uadslg/status/989528334789849088/photo/1"
"989516885375909888","","","2018-04-26 14:49:44 +0000","<a href=""http://twitter.com/download/iphone"" rel=""nofollow"">Twitter for iPhone</a>","RT @sakatandao: æ˜¨æ—¥ã®é…ä¿¡ã§ã®ãƒã‚°ãƒŠãƒ ãƒˆãƒ«ãƒãƒ¼ãƒ‰ https://t.co/r5Rnl0tpWf","989040590351413248","108223197","2018-04-25 07:17:06 +0000","https://twitter.com/sakatandao/status/989040590351413248/video/1,https://twitter.com/sakatandao/status/989040590351413248/video/1"
"989492374190538752","","","2018-04-26 13:12:20 +0000","<a href=""http://twitter.com/download/iphone"" rel=""nofollow"">Twitter for iPhone</a>","ãƒ—ãƒªã‚¯ãƒ©æ€–ã„","","","",""
"989461379265396736","","","2018-04-26 11:09:10 +0000","<a href=""http://twitter.com/download/iphone"" rel=""nofollow"">Twitter for iPhone</a>","RT @komatsu0330: é›»è»Šã§ãŠã°ã‚ã¡ã‚ƒã‚“ã«å¸­ã‚’è­²ã‚‹æ™‚ã«
ã€å¹´å¯„ã‚Šæ‰±ã„ã—ãªã„ã§ã€
ã£ã¦è¨€ã‚ã‚ŒãŸã‚‰
ã€ãˆã€ã„ã‚„å¥³æ€§ãªã®ã§ã€
ã£ã¦è¨€ã£ãŸã‚‰
ã€ã¾ãç´ æ•µã€ã‚ã‚ŠãŒã¨ã†ã€

ã¨ã‚¹ãƒ ãƒ¼ã‚ºã ã£ãŸäº‹ãŒã‚ã‚‹ã®ã§å€‹äººçš„ã«ãŠã™ã™ã‚

#ãŠã˜ã„ã¡ã‚ƒã‚“ã¯çŸ¥ã‚‰ã¸ã‚“","988782260689166337","588156115","2018-04-24 14:10:36 +0000",""
"989448622646345728","","","2018-04-26 10:18:29 +0000","<a href=""http://twitter.com/download/iphone"" rel=""nofollow"">Twitter for iPhone</a>","æœ‰ç·šã®æ–¹ãŒåŒã˜ãŠé‡‘ã‚’å‡ºã—ãŸæ™‚ã®éŸ³è³ªã§ã¯ä¸Šã ã‚ã†ã‘ã©ç„¡ç·šã®å¿«é©ã•ã‚‚æ¨ã¦ãŒãŸã„
éŸ³è³ªã«ã¤ã„ã¦ã¯ã‚‚ã†ãƒ˜ãƒƒãƒ‰ãƒ›ãƒ³ãŒã‚ã‚‹ã‹ã‚‰ã—ã£ã‹ã‚ŠèããŸã„æ™‚ã¯ãã‚Œã§èã‘ã°è‰¯ã„ãªã¨æ€ã†ã¨éŸ³è³ªã«å¦¥å”ã®ä½™åœ°ã¯ã‚ã‚‹ã¨è€ƒãˆã¦ã‚‹","","","",""
"989421218477391872","","","2018-04-26 08:29:35 +0000","<a href=""https://peing.net"" rel=""nofollow"">Peing</a>","ãã‚Œã¯ãã‚Œã§ã¸ã“ã‚€ 

#peing #è³ªå•ç®± https://t.co/0c8cafnGea https://t.co/O6c0Yjw7ku","","","","https://peing.net/ja/qs/37539870,https://twitter.com/uadslg/status/989421218477391872/photo/1"
"989415310569623552","","","2018-04-26 08:06:07 +0000","<a href=""https://peing.net"" rel=""nofollow"">Peing</a>","ä¿ºãŒãã†ã„ã†å˜˜ã‚’è¨€ã‚ã‚Œã‚‹ã®ãŒã¨ã¦ã‚‚å«Œã„ã ã£ã¦ã“ã¨çŸ¥ã£ã¦ã¾ã™ï¼Ÿ 

#peing #è³ªå•ç®± https://t.co/Umf5n1HvVY https://t.co/HFFbmzX5UE","","","","https://peing.net/ja/qs/37538578,https://twitter.com/uadslg/status/989415310569623552/photo/1"
"989404953679556608","","","2018-04-26 07:24:57 +0000","<a href=""http://twitter.com/download/iphone"" rel=""nofollow"">Twitter for iPhone</a>","é–“é•ãˆã¦ãƒˆãƒ¼ã‚¯ãƒ³15å€‹æ¶ˆè²»ã—ã¦ãƒ‘ãƒ©ã‚·ãƒ¥ãƒ¼ãƒˆã‚²ãƒƒãƒˆã—ã¦ã—ã¾ã£ãŸã“ã®ä¿ºã®æ°—æŒã¡ãŒåˆ†ã‹ã‚‹ã‹ã„ï¼Ÿï¼Ÿ https://t.co/DJRasbWV8s","","","","https://twitter.com/uadslg/status/989404953679556608/photo/1"
"989400109732392961","","","2018-04-26 07:05:42 +0000","<a href=""http://twitter.com/download/iphone"" rel=""nofollow"">Twitter for iPhone</a>","æ˜æ—¥ã¯ä½“åŠ›ãƒ†ã‚¹ãƒˆ&amp;é¿é›£è¨“ç·´ãªã®ã§é€ƒã‚Œã‚‰ã‚Œãã†ã§ã™ https://t.co/vm0q9Ennu4","","","","https://twitter.com/uadslg/status/989398977769492480"
"989398977769492480","","","2018-04-26 07:01:13 +0000","<a href=""http://twitter.com/download/iphone"" rel=""nofollow"">Twitter for iPhone</a>","æ˜æ—¥ã¯å…ˆç”Ÿã‹ã‚‰é›†ä¸­æ”»æ’ƒã•ã‚Œã‚‹ã ã‚ã†","","","",""
"989355747443003392","","","2018-04-26 04:09:26 +0000","<a href=""http://twitter.com/download/iphone"" rel=""nofollow"">Twitter for iPhone</a>","ç™½ã§ã—ãŸç™½","","","",""
"989354905264578560","","","2018-04-26 04:06:05 +0000","<a href=""http://twitter.com/download/iphone"" rel=""nofollow"">Twitter for iPhone</a>","RT @atsukousoumu: ã™ã¿ã¾ã›ã‚“èãå–ã‚Œãªã‹ã£ãŸã®ã§ã ã‚Œã‹æ•™ãˆã¦ãã ã•ã„ã€‚ç¬‘ç¬‘","989354814080401408","927912604470616064","2018-04-26 04:05:43 +0000",""
"989328821810745345","989316110188142592","3180464377","2018-04-26 02:22:26 +0000","<a href=""http://twitter.com/download/iphone"" rel=""nofollow"">Twitter for iPhone</a>","@BergFeld_81109  https://t.co/EBxdZbOdTd","","","","https://twitter.com/uadslg/status/989328821810745345/photo/1"
"989308839995457537","","","2018-04-26 01:03:02 +0000","<a href=""http://twitter.com/download/iphone"" rel=""nofollow"">Twitter for iPhone</a>","ç¾å›½ã®å…ˆç”Ÿã¯è¡Œé–“ã‚’èª­ã‚€å‰ã«ã‚¯ãƒ©ã‚¹ã®ç©ºæ°—ã‚’èª­ã‚“ã æ–¹ãŒã„ã„","","","",""
"989289839869624320","","","2018-04-25 23:47:32 +0000","<a href=""http://twitter.com/download/iphone"" rel=""nofollow"">Twitter for iPhone</a>","RT @syunpon217: ã‚¤ãƒ¤ãƒ›ãƒ³è²·ãŠã†ã¨æ€ã£ã¦ã‚‹ã‚“ã§ã™ãŒã©ã£ã¡ã‚ªã‚¹ã‚¹ãƒ¡ã§ã™ã‹ï¼Ÿ","989289796466917376","842674356421505024","2018-04-25 23:47:22 +0000",""
"989266303440502784","","","2018-04-25 22:14:01 +0000","<a href=""http://twitter.com/download/iphone"" rel=""nofollow"">Twitter for iPhone</a>","ä½œã‚Šç›´ã—ã¾ã—ãŸ

ã¯ã‚‹ã‚‚ã¨ã®è³ªå•ç®±ã§ã™ https://t.co/BN7SvN9l1h #è³ªå•ç®± #peing","","","","https://peing.net/ja/uadslg?v=1"
"989148192569675777","","","2018-04-25 14:24:41 +0000","<a href=""http://twitter.com/download/iphone"" rel=""nofollow"">Twitter for iPhone</a>","RT @syunpon217: ãªã„ã§ã™()
ãƒ›ãƒ¢ã˜ã‚ƒãªã„ã—
ã§ã‚‚å‹é”ã¯å‹Ÿé›†ä¸­ 

#peing #è³ªå•ç®± https://t.co/2HbcFVBoiS https://t.co/QJgJcUuNSx","989147810078445569","842674356421505024","2018-04-25 14:23:10 +0000","https://peing.net/ja/qs/37453949,https://twitter.com/syunpon217/status/989147810078445569/photo/1,https://peing.net/ja/qs/37453949,https://twitter.com/syunpon217/status/989147810078445569/photo/1"
"989140093951606784","","","2018-04-25 13:52:30 +0000","<a href=""http://twitter.com/download/iphone"" rel=""nofollow"">Twitter for iPhone</a>","ã¯ã‚ãƒ¼","","","",""
"986378814069530624","","","2018-04-17 23:00:09 +0000","<a href=""http://twitter.com/download/iphone"" rel=""nofollow"">Twitter for iPhone</a>","ä½•è¨€ã£ã¦ã‚‹ã‹ã‚ˆãåˆ†ã‹ã‚‰ã‚“
èª°ã‹é€šè¨³ã—ã¦ https://t.co/WUyACZ3eUO","","","","https://twitter.com/uadslg/status/986378814069530624/photo/1"
"981870393299427329","981870035353329664","948568430172499968","2018-04-05 12:25:18 +0000","<a href=""http://twitter.com/download/iphone"" rel=""nofollow"">Twitter for iPhone</a>","@tweetyametai ã”ã‚ã‚“å¿˜ã‚Œã¦ https://t.co/NaVJTXPsXY","","","","https://twitter.com/uadslg/status/981870393299427329/photo/1"
"981870035353329664","","","2018-04-05 12:23:53 +0000","<a href=""http://twitter.com/download/iphone"" rel=""nofollow"">Twitter for iPhone</a>","@tweetyametai åŒæ–¹ãŒå‹é”è¿½åŠ ã—ã¦ãªã„ã‹ã‚‰ã§ããªã„çš„ãªãƒ€ã‚¤ã‚¢ãƒ­ã‚°ãŒå‡ºãŸã¨æ€ã†ï¼ˆãŸã—ã‹ï¼‰","","","",""
"981832057381769216","981830919324450818","882538512980914176","2018-04-05 09:52:58 +0000","<a href=""http://twitter.com/download/iphone"" rel=""nofollow"">Twitter for iPhone</a>","@IlIli_shunIlIlI ã‚ˆãåˆ†ã‹ã‚‰ãªã„ã‘ã©ãªãœã‹ã‚ã®äººã«ã¯æŠµæŠ—ãŒã‚ã‚‹ã‚“ã ã‚ˆã­ç¬‘","","","",""
"980843261337071617","","","2018-04-02 16:23:51 +0000","<a href=""http://twitter.com/download/iphone"" rel=""nofollow"">Twitter for iPhone</a>","æ‰“ã¡ä¸Šã’è¡Œã£ã¦ã‚‚è©±ã—ç›¸æ‰‹ãŒã„ãªã•ãã†ã ãª...

ãã‚“ãªæ„Ÿã˜ã®ç†ç”±ã§ä½“è‚²ç¥­ã®æ™‚è¡Œã‹ãªã‹ã£ãŸã‚“ã ã‘ã©

ã§ã‚‚æ‰“ã¡ä¸Šã’ã¸ã®å‚åŠ ã¯ç¤¼å„€ï¼Ÿã¿ãŸã„ãªã‚‚ã‚“ã ã¨æ€ã£ã¦ã‚‹ã®ã¯ãšã£ã¨å¤‰ã‚ã‚‰ãªã„ã®ã§ã•ã™ãŒã«æœ€å¾Œã®ã¯è¡Œãã¤ã‚‚ã‚Šã§ã™

è¡ŒããŸããªã„ã‚ã‘ã˜ã‚ƒãªã„ã—
ãã‚“ãªã“ã¨è¨€ã†ãªã‚‰æ¥ã‚‹ãªã¨ã‹ãã†ã„ã†äº‹ã§ã‚‚ãªã„","","","",""
"968473405489004544","","","2018-02-27 13:10:27 +0000","<a href=""http://twitter.com/download/iphone"" rel=""nofollow"">Twitter for iPhone</a>","ã“ã„ã¤çµ¶å¯¾é™½ã‚­ãƒ£ã çµ¶å¯¾ç„¡ç† https://t.co/P9hdYe8LaR","","","","https://twitter.com/uadslg/status/968473405489004544/photo/1"
"960650061766995968","","","2018-02-05 23:03:17 +0000","<a href=""http://twitter.com/download/iphone"" rel=""nofollow"">Twitter for iPhone</a>","ã“ã£ã¡ã®å¢ã‚’å§‹å‹•ã™ã‚‹æ™‚ãŒæ¥ãŸã®ã‹ã‚‚çŸ¥ã‚Œã‚“","","","",""
